PlayerName,PlayerId,Pos,Team,PlayerOpponent,TacklesTot,TacklesAst,TacklesSck,TacklesTfl,TurnoverInt,TurnoverFrcFum,TurnoverFumRec,ScoreIntTd,ScoreFumTd,ScoreBlkTd,ScoreSaf,ScoreDef2ptRet,Blk,PDef,QBHit,ReturnIntYds,ReturnFumYds,PlayerWeekProjectedPts,ProjectedRank,Rank,TotalPoints,ProjectionDiff
Dane Belton,2567988,DB,NYG,WAS,2.37,2.58,0.05,0.05,0.05,0.1,0.05,,,,,,,0.26,,,,6.50,99,1,19.40,12.9
Antonio Johnson,2569879,DB,JAX,NYJ,3.11,1.65,,,0.1,,,,,,,,,,,,,6.01,106,2,18.67,12.66
Jordan Battle,2569648,DB,CIN,BAL,3.88,2.53,0.06,0.24,0.12,,0.06,0.06,,,,,,0.41,,3.76,,9.69,13,3,18.60,8.91
Nick Emmanwori,2574558,DB,SEA,IND,2.3,1.86,0.07,0.15,0.15,0.07,,,,,,,,0.3,0.22,,,6.56,97,4,18.60,12.04
Alohi Gilman,2565042,DB,BAL,@CIN,5.34,1.46,0.08,0.16,0.16,,,,,,,,,0.49,,3.32,,11.18,5,5,18.60,7.42
Xavier McKinney,2564766,DB,GB,@DEN,2.97,1.43,0.06,0.11,0.23,0.06,0.06,0.06,,,,,,0.57,0.11,5.54,,8.58,36,6,18.60,10.02
Riley Moss,2569723,DB,DEN,GB,2.02,0.96,,,,,,,,,,,,0.38,,,,4.56,137,7,17.00,12.44
Derwin James,2560760,DB,LAC,@KC,3.47,1.88,0.18,0.49,0.12,,0.06,,,,,,,0.43,0.36,0.3,,9.17,22,8,16.30,7.13
C.J. Gardner-Johnson,2562588,DB,CHI,CLE,,,,,,,,,,,,,,,,,,0.00,358,9,16.17,16.17
Mike Jackson,2562434,DB,CAR,@NO,3.47,0.94,,0.12,0.12,,,,,,,,,0.88,,0.82,,8.60,33,10,15.60,7.0
Antoine Winfield Jr.,2565261,DB,TB,ATL,3.02,2.22,0.18,0.18,0.12,0.12,0.06,,,,,,,0.31,0.37,1.29,,8.40,42,11,15.00,6.6
Jaycee Horn,2565893,DB,CAR,@NO,2.06,1.03,0.06,0.23,0.17,,,0.06,,,,,,0.69,0.11,3.2,,6.89,81,12,14.60,7.71
Kamari Lassiter,2572102,DB,HOU,ARI,2.64,1.14,,0.18,0.12,,,,,,,,,0.54,,0.84,,6.71,92,13,14.20,7.49
Brandon Stephens,2565851,DB,NYJ,@JAX,2.51,0.64,0.05,0.05,0.05,,,,,,,,,0.53,0.11,1.6,,5.93,108,14,13.50,7.57
Tyler Nubin,2572345,DB,NYG,WAS,3.96,3.12,,0.3,,0.12,0.06,,,,,,,0.18,,,,9.19,21,15,13.20,4.01
Erick Hallett,2569903,DB,TEN,@SF,1.12,0.7,,,,,,,,,,,,,,,,2.10,195,16,13.00,10.9
Tre'Davious White,2557867,DB,BUF,@NE,1.43,1.06,,,0.08,,,,0.08,,,,,0.23,,,0.08,3.96,150,17,13.00,9.04
Marcus Harris,2574151,DB,TEN,@SF,,,,,,,,,,,,,,,,,,0.00,385,18,12.70,12.7
Jaylinn Hawkins,2563500,DB,NE,BUF,3.41,1.27,,0.18,0.04,0.04,,,,,,,,0.18,,1.14,,6.92,80,19,12.70,5.78
Eric Murray,2555173,DB,JAX,NYJ,3.6,1.83,0.07,0.07,0.07,0.07,,,,,,,,0.52,0.2,,,8.63,32,20,12.70,4.07
Malachi Moore,2574444,DB,NYJ,@JAX,2.35,2.03,,0.16,0.05,,,,,,,,,0.16,,0.91,,5.59,114,21,12.63,7.04
Quan Martin,2570377,DB,WAS,@NYG,2.76,1.91,0.03,0.11,0.06,0.11,,,,,,,,0.23,0.06,1.35,,6.76,90,22,12.40,5.64
Mike Sainristil,2572582,DB,WAS,@NYG,3.12,1.59,,0.06,0.06,0.06,0.06,,,,,,,0.73,,1.04,,8.06,55,23,12.33,4.27
Marcus Jones,2567943,DB,NE,BUF,3.38,0.85,,0.08,0.15,0.08,0.08,0.08,,,,,,0.77,,3.69,,8.95,26,24,12.20,3.25
Montaric Brown,2567727,DB,JAX,NYJ,1.18,0.52,,,0.1,,,,,,,,,0.41,,0.62,,3.48,162,25,12.00,8.52
Pat Surtain II,2566043,DB,DEN,GB,2.19,0.73,,0.06,0.17,0.06,,0.06,,,,,,0.62,,4.39,,6.55,98,26,12.00,5.45
Christian Izien,2571593,DB,TB,ATL,1.38,0.78,,0.06,,,,,,,,,,0.06,,0.66,,2.80,182,27,11.90,9.1
Harrison Smith,2532948,DB,MIN,@DAL,3.24,1.68,0.09,0.12,0.12,0.06,,,,,,,,0.48,0.12,0.54,,8.14,54,28,11.80,3.66
Cobee Bryant,2573908,DB,ATL,@TB,,,,,,,,,,,,,,,,,,0.00,298,29,11.50,11.5
Malik Mustapha,2572504,DB,SF,TEN,1.27,0.93,,0.03,0.03,0.03,,,,,,,,0.13,,0.3,,3.05,173,30,11.40,8.35
Isaiah Pola-Mao,2568993,DB,LV,@PHI,3.4,1.58,0.05,0.1,0.05,0.1,0.05,,,,,,,0.3,0.1,1.18,,7.71,65,31,11.40,3.69
Nick Scott,2562905,DB,CAR,@NO,1.68,1.26,,,,,,,,,,,,0.18,,,,3.73,156,32,11.40,7.67
Nick Cross,2567700,DB,IND,@SEA,4.05,2.7,,0.35,0.1,0.05,,,,,,,,0.3,,1.1,,9.53,17,33,11.30,1.77
Avonte Maddox,2560795,DB,DET,@LAR,1.99,0.69,,0.14,0.07,0.14,0.07,,,,,,,0.21,,,,4.94,128,34,11.30,6.36
Bryan Cook,2567787,DB,KC,LAC,2.65,0.95,,0.05,0.05,,0.05,,,,,,,0.2,,0.35,,5.36,121,35,11.20,5.84
Amani Hooker,2562666,DB,TEN,@SF,2.72,1.66,,0.2,0.13,0.07,0.07,,,,,,,0.47,0.07,1.33,,7.40,70,36,11.20,3.8
Jalen Ramsey,2555280,DB,PIT,MIA,3.98,1.48,0.08,0.47,0.16,,,,,,,,,0.78,0.16,3.44,,10.43,9,37,11.20,0.77
Camryn Bynum,2566295,DB,IND,@SEA,4.15,1.45,,0.1,0.15,0.05,0.1,,,,,,,0.4,,0.7,,9.07,24,38,11.10,2.03
Nate Wiggins,2571847,DB,BAL,@CIN,2.26,0.85,,,0.18,0.06,,0.06,,,,,,0.98,,4.69,,7.59,67,39,10.90,3.31
Garrett Williams,2570221,DB,ARI,@HOU,2.03,0.88,,,0.16,0.05,,,,,,,,0.44,,1.26,,5.45,117,40,10.80,5.35
Antonio Hamilton,2556804,DB,WAS,@NYG,1.86,0.59,,,0.1,,,,,,,,,0.2,,,,3.99,148,41,10.70,6.71
Dee Alford,2567244,DB,ATL,@TB,1.29,0.62,,0.06,,,,,,,,,,0.28,,,,3.10,170,42,10.50,7.4
Jessie Bates,2560970,DB,ATL,@TB,4.2,2.1,,0.17,0.22,0.17,0.06,0.06,,,,,,0.55,0.06,3.59,,11.00,6,43,10.20,-0.8
Jack Jones,2567940,DB,MIA,@PIT,2.6,1.13,,0.2,0.2,,,0.07,,,,,,0.87,0.07,4.8,,8.23,50,44,10.20,1.97
Calen Bullock,2572081,DB,HOU,ARI,3.68,1.19,,0.06,0.19,0.06,0.06,,,,,,,0.75,,4.12,,9.27,20,45,10.10,0.83
Byron Murphy,2562318,DB,MIN,@DAL,2.76,1.08,,0.24,0.24,0.06,0.06,0.06,,,,,,0.78,,4.26,,8.59,34,46,10.10,1.51
Xavier Watts,2573921,DB,ATL,@TB,3.75,1.16,,0.11,0.11,,,,,,,,,0.33,0.06,1.99,,7.79,63,47,9.90,2.11
Emmanuel Forbes,2570371,DB,LAR,DET,1.61,0.64,,,,,,,,,,,,0.21,,,,3.32,167,48,9.70,6.38
Marlon Humphrey,2558067,DB,BAL,@CIN,3.3,1.1,,0.19,0.19,0.06,,,,,,,,0.58,0.13,1.62,,8.34,44,49,9.70,1.36
Devon Witherspoon,2570323,DB,SEA,IND,4.14,1.78,0.11,0.36,0.07,0.07,,,,,,,,,,,,8.53,38,50,9.70,1.17
Coby Bryant,2568234,DB,SEA,IND,5.18,1.69,0.06,0.19,0.12,0.06,,,,,,,,0.5,0.19,2.87,,11.26,4,51,9.60,-1.66
Chamarri Conner,2569927,DB,KC,LAC,4.5,1.5,0.09,0.31,0.13,0.13,0.06,,,,,,,0.38,0.38,2.94,,10.50,8,52,9.60,-0.9
Minkah Fitzpatrick,2560725,DB,MIA,@PIT,4.65,1.72,,0.07,0.14,0.07,,,,,,,,0.36,,3.15,,9.85,12,53,9.60,-0.25
Amik Robertson,2564430,DB,DET,@LAR,2.08,0.56,0.06,0.17,0.06,0.06,,,,,,,,0.45,0.06,1.01,,5.44,118,54,9.50,4.06
Ronnie Hickman Jr.,2570867,DB,CLE,@CHI,3.35,1.36,0.06,0.06,0.06,,0.06,,,,,,,0.12,0.19,1.49,,6.77,87,55,9.40,2.63
Budda Baker,2558009,DB,ARI,@HOU,4.29,2.09,0.05,0.33,0.05,0.05,,,,,,,,0.27,0.16,0.77,,9.41,19,56,9.30,-0.11
Johnathan Edwards,2574186,DB,IND,@SEA,,,,,,,,,,,,,,,,,,0.00,341,57,9.10,9.1
Malaki Starks,2573952,DB,BAL,@CIN,4.47,1.95,0.06,0.23,0.06,0.06,0.06,,,,,,,0.29,0.17,0.86,,9.66,15,58,9.10,-0.56
Jaylen Watson,2567811,DB,KC,LAC,1.21,0.67,,0.06,0.06,,,,,,,,,0.3,,1.34,,3.31,168,59,9.10,5.79
Asante Samuel Jr.,2566511,DB,PIT,MIA,2,1.17,,,0.17,,,,,,,,,0.5,,,,5.55,115,60,9.00,3.45
Tony Jefferson,2540164,DB,LAC,@KC,1.04,0.78,,,,,,,,,,,,0.78,,,,3.98,149,61,8.70,4.72
Quincy Riley,2574404,DB,NO,CAR,1.53,0.71,,,,,,,,,,,,,,,,2.72,184,62,8.60,5.88
Donovan Wilson,2562604,DB,DAL,MIN,2.84,2.51,0.2,0.27,0.07,0.14,0.07,,,,,,,0.27,0.34,0.54,,8.24,49,63,8.50,0.26
Noah Igbinoghene,2564457,DB,WAS,@NYG,1.7,1.35,,,0.09,,,,,,,,,0.45,,,,4.80,131,64,8.00,3.2
Paulson Adebo,2566346,DB,NYG,WAS,5.47,1.31,,0.16,0.33,,,0.08,,,,,,1.23,0.08,6.04,,14.02,1,65,7.80,-6.22
Myles Harden,2571952,DB,CLE,@CHI,1.38,0.75,,,,,,,,,,,,0.13,,,,2.85,180,66,7.80,4.95
Josh Metellus,2564568,DB,MIN,@DAL,3.65,2.28,0.05,0.11,0.05,0.11,0.05,0.05,,,,,,0.26,0.16,1.75,,8.71,31,67,7.80,-0.91
Jonas Sanker,2574405,DB,NO,CAR,4.13,1.13,,0.19,0.06,,0.06,,,,,,,0.13,,,,7.75,64,68,7.80,0.05
Will Johnson,2574484,DB,ARI,@HOU,2.59,0.92,,0.05,0.11,,,,,,,,,0.49,,2,,6.19,104,69,7.60,1.41
Kendell Brooks,2571050,DB,TEN,@SF,0.74,0.4,,,,,,,,,,,,,,,,1.35,210,70,7.50,6.15
Jamel Dean,2562556,DB,TB,ATL,2.89,0.98,,,0.06,,,,,,,,,0.49,,1.42,,6.41,101,71,7.50,1.09
Kyle Hamilton,2567274,DB,BAL,@CIN,4.67,2.12,0.12,0.18,0.12,0.06,0.06,0.06,,,,,,0.61,0.3,2.25,,11.47,2,72,7.50,-3.97
Jaylon Johnson,2563701,DB,CHI,CLE,2.22,0.48,,0.12,0.12,0.06,,,,,,,,0.54,,2.28,,5.85,110,73,7.50,1.65
Greg Newsome II,2565980,DB,JAX,NYJ,2,0.69,,0.08,0.08,,,,,,,,,0.46,,1,,5.00,126,74,7.50,2.5
Jeremy Reaves,2561394,DB,WAS,@NYG,2.82,2.33,,0.07,0.07,0.07,,,,,,,,0.21,0.21,,,6.85,83,75,7.50,0.65
Carlton Davis III,2561039,DB,NE,BUF,2.29,0.71,,0.12,0.12,0.06,0.06,,,,,,,0.65,,0.94,,6.39,102,76,7.30,0.91
Maxwell Hairston,2573959,DB,BUF,@NE,2.33,1.06,0.11,0.21,0.11,0.11,,,,,,,,0.53,0.21,2.01,,6.93,79,77,7.20,0.27
Shavon Revel Jr.,2574081,DB,DAL,MIN,,,,,,,,,,,,,,,,,,0.00,531,78,7.20,7.2
Isaiah Rodgers,2564142,DB,MIN,@DAL,1.59,0.65,,0.06,0.06,0.06,,,,,,,,0.29,,0.59,,4.03,147,79,7.20,3.17
Andrew Wingard,2562606,DB,JAX,NYJ,3.78,2.42,0.08,0.15,0.08,0.08,,,,,,,,0.3,0.15,0.91,,8.92,28,80,6.90,-2.02
Craig Woodson,2574389,DB,NE,BUF,3.41,2.12,,0.29,0.06,,,,,,,,,0.12,0.06,1.41,,7.41,69,81,6.90,-0.51
DaRon Bland,2567490,DB,DAL,MIN,3.35,1.16,,0.06,0.18,,,0.06,,,,,,0.61,,5.85,,8.40,41,82,6.70,-1.7
Jalen Pitre,2567688,DB,HOU,ARI,4.1,2.05,0.08,0.41,0.08,0.08,,,,,,,,0.82,0.25,0.9,,10.92,7,83,6.70,-4.22
Darrell Baker Jr.,2569161,DB,TEN,@SF,1.56,0.5,,,,,,,,,,,,0.13,,,,2.97,177,84,6.60,3.63
Keisean Nixon,2562938,DB,GB,@DEN,3.47,1.29,0.06,0.18,0.06,0.06,0.06,,,,,,,0.35,0.12,0.82,,7.81,61,85,6.60,-1.21
Eric Stokes,2566097,DB,LV,@PHI,1.47,0.67,,,,,,,,,,,,0.09,,,,2.83,181,86,6.60,3.77
Christian Gonzalez,2570122,DB,NE,BUF,2.94,0.65,0.06,0.06,0.18,,0.06,0.06,,,,,,0.71,0.12,4.06,,7.91,58,87,6.40,-1.51
Kam Curl,2565270,DB,LAR,DET,3.59,1.96,0.07,0.14,0.07,0.07,0.07,,,,,,,0.54,0.2,1.15,,8.96,25,88,6.30,-2.66
Darren Hall,2565821,DB,ARI,@HOU,,,,,,,,,,,,,,,,,,0.00,375,89,6.30,6.3
Malik Hooker,2558060,DB,DAL,MIN,3.12,1.69,,0.14,0.14,,0.07,,,,,,,0.27,,2.23,,7.21,73,90,6.30,-0.91
Chau Smith-Wade,2571895,DB,CAR,@NO,1.68,0.96,,0.12,0.06,0.06,,,,,,,,0.24,,,,4.30,143,91,6.30,2.0
Adoree' Jackson,2558065,DB,PHI,LV,2.08,0.91,,0.07,0.07,0.07,0.07,,,,,,,0.46,,,,5.48,116,92,6.10,0.62
Kevin Knowles,2574249,DB,KC,LAC,,,,,,,,,,,,,,,,,,0.00,440,93,6.10,6.1
A.J. Terrell,2563527,DB,ATL,@TB,2.35,0.82,,0.18,0.06,,,,,,,,,0.47,,1.06,,5.71,112,94,6.10,0.39
Cooper DeJean,2572375,DB,PHI,LV,3.65,1.58,0.08,0.33,0.08,0.08,0.17,,,,,,,0.58,0.17,2.24,,9.42,18,95,6.00,-3.42
Talanoa Hufanga,2566529,DB,DEN,GB,4.71,2.09,,0.09,0.09,,,,,,,,,0.44,0.09,,,9.91,11,96,6.00,-3.91
Cam Lewis,2563205,DB,BUF,@NE,,,,,,,,,,,,,,,,,,0.00,448,97,6.00,6.0
Markquese Bell,2568666,DB,DAL,MIN,1.37,0.89,,,,,,,,,,,,,,,,2.59,186,98,5.70,3.11
Tyson Campbell,2566151,DB,CLE,@CHI,3.04,1.37,,0.14,0.14,,,,,,,,,0.51,,1.01,,7.39,71,99,5.70,-1.69
Jevon Holland,2566283,DB,NYG,WAS,3.36,1.44,0.06,0.18,0.06,0.06,0.06,,,,,,,0.3,0.18,2.04,,7.68,66,100,5.70,-1.98
Jordan Howden,2570140,DB,NO,CAR,0.65,0.53,0.06,,0.12,,,,,,,,,0.41,,,,2.86,179,101,5.70,2.84
Taron Johnson,2560766,DB,BUF,@NE,3.54,1.44,0.06,0.12,0.12,0.06,0.06,,,,,,,0.42,0.06,1.62,,8.30,47,102,5.70,-2.6
Tre'von Moehrig,2566268,DB,CAR,@NO,3.94,2.19,0.06,0.34,0.17,,0.06,0.06,,,,,,0.56,0.11,3.15,,10.31,10,103,5.70,-4.61
D.J. Reed,2560850,DB,DET,@LAR,3.18,0.9,,0.24,0.12,0.06,,,,,,,,0.72,0.06,0.42,,8.14,53,104,5.70,-2.44
Evan Williams,2572057,DB,GB,@DEN,3.66,2.1,,0.12,0.12,0.06,,,,,,,,0.3,,0.9,,8.34,45,105,5.70,-2.64
Julian Love,2562414,DB,SEA,IND,4.81,1.94,,0.19,0.19,0.12,0.06,,,,,,,0.62,,2.62,,11.45,3,106,5.60,-5.85
Qwan'tez Stiggers,2572369,DB,NYJ,@JAX,0.79,0.59,,,,,0.07,,,,,,,0.13,,,,1.93,201,107,5.50,3.57
Carrington Valentine,2569774,DB,GB,@DEN,1.75,1,,,0.17,0.08,,,,,,,,0.5,,1.83,,5.41,120,108,5.50,0.09
Ashtyn Davis,2564793,DB,MIA,@PIT,0.45,0.32,,0.02,0.02,0.02,0.02,0.02,,,,,,0.04,,1.26,,1.28,212,109,5.40,4.12
Nahshon Wright,2566022,DB,CHI,CLE,2.74,0.94,,0.17,0.17,,,0.09,,,,,,0.26,,9.51,,6.85,84,110,5.20,-1.65
Kool-Aid McKinstry,2572321,DB,NO,CAR,2.18,0.71,,0.16,0.11,,,0.05,,,,,,0.54,,2.5,,5.95,107,111,5.10,-0.85
Derek Stingley Jr.,2567694,DB,HOU,ARI,1.94,0.77,,0.12,0.24,,,,,,,,,0.88,,1.71,,6.65,95,112,5.10,-1.55
Geno Stone,2563584,DB,CIN,BAL,2.47,1.88,0.09,,0.18,,0.06,0.06,,,,,,0.47,0.24,3.76,,7.36,72,113,5.10,-2.26
Kindle Vildor,2563713,DB,TB,ATL,1.52,0.35,,,0.07,,,,,,,,,0.28,,,,3.44,163,114,5.10,1.66
Nohl Williams,2574260,DB,KC,LAC,2.67,1.14,,,0.19,,,,,,,,,0.57,,,,6.78,86,115,5.10,-1.68
Cole Bishop,2571850,DB,BUF,@NE,2.69,1.94,,0.19,0.06,0.06,,,,,,,,0.31,,1,,6.71,91,116,4.80,-1.91
Jaquan Brisker,2567370,DB,CHI,CLE,3.77,1.53,0.09,0.24,0.06,0.06,0.06,,,,,,,0.24,0.24,,,8.31,46,117,4.80,-3.51
Rock Ya-Sin,2562614,DB,DET,@LAR,1.93,0.5,,,0.07,,,,,,,,,0.43,,1,,4.55,138,118,4.80,0.25
Cam Hart,2572471,DB,LAC,@KC,2.01,0.54,0.05,,0.05,0.05,0.05,,,,,,,0.44,0.16,0.76,,5.04,124,119,4.60,-0.44
Sam Webb,2569005,DB,CLE,@CHI,,,,,,,,,,,,,,,,,,0.00,617,120,4.60,4.6
Tony Adams,2568444,DB,NYJ,@JAX,3.35,2.14,0.07,0.21,0.14,,,,,,,,,0.43,0.14,0.57,,8.42,40,121,4.50,-3.92
Cobie Durant,2567826,DB,LAR,DET,2.32,1.08,0.08,0.23,0.15,0.08,,0.08,,,,,,0.77,0.23,5.19,,7.97,56,122,4.50,-3.47
Kelee Ringo,2570197,DB,PHI,LV,0.68,0.25,0.02,,0.02,0.02,0.02,,,,,,,0.08,0.06,,,1.60,208,123,4.50,2.9
Josh Wallace,2573749,DB,LAR,DET,,,,,,,,,,,,,,,,,,0.00,608,124,4.50,4.5
Charles Woods,2573755,DB,NE,BUF,,,,,,,,,,,,,,,,,,0.00,630,125,4.50,4.5
Kitan Crawford,2574481,DB,ARI,@HOU,1.87,1.65,,0.11,,,0.11,,,,,,,0.22,0.11,,,4.68,135,126,4.20,-0.48
Renardo Green,2572495,DB,SF,TEN,3.61,1.03,,0.06,0.13,0.13,0.06,0.06,,,,,,0.9,,2.32,,9.66,14,127,4.20,-5.46
Brandon Jones,2564469,DB,DEN,GB,3.76,1.4,,0.1,0.14,0.05,0.05,,,,,,,0.43,0.05,3.47,,8.56,37,128,4.20,-4.36
Darien Porter,2574306,DB,LV,@PHI,2.71,0.85,,,0.15,0.08,,,,,,,,0.62,,1.47,,6.98,78,129,4.20,-2.78
Benjamin St-Juste,2566604,DB,LAC,@KC,1.06,0.53,,,,,,,,,,,,0.18,,,,2.36,190,130,4.20,1.84
Marcus Williams,2558847,DB,LAC,@KC,,,,,,,,,,,,,,,,,,0.00,623,131,4.20,4.2
Denzel Burke,2574477,DB,ARI,@HOU,1,2.36,,0.09,0.27,,,,,,,,,0.18,,,,4.45,139,132,4.00,-0.45
Jaylen McCollough,2573734,DB,LAR,DET,1.87,0.67,0.07,,0.13,,,,,,,,,0.33,0.07,1.27,,4.70,134,133,4.00,-0.7
Quinyon Mitchell,2572387,DB,PHI,LV,2.49,0.93,,,0.12,0.06,0.06,0.06,,,,,,0.87,,3.67,,7.52,68,134,4.00,-3.52
Jacob Parrish,2574594,DB,TB,ATL,2.94,0.94,0.16,0.38,0.06,,,,,,,,,0.25,,,,6.70,93,135,4.00,-2.7
Andru Phillips,2572348,DB,NYG,WAS,2.76,1.59,0.06,0.29,0.06,0.06,,0.06,,,,,,0.18,0.12,1.65,,6.87,82,136,4.00,-2.87
Rasul Douglas,2558168,DB,MIA,@PIT,1.65,0.53,,,0.12,0.06,,,,,,,,0.29,,2.12,,4.22,144,137,3.90,-0.32
Jordan Poyer,2539290,DB,BUF,@NE,2.51,1.05,,,,,,,,,,,,,0.06,,,4.43,140,138,3.90,-0.53
Jaden Hicks,2572171,DB,KC,LAC,4,1.12,,0.35,0.12,,,,,,,,,0.41,,2.71,,8.73,30,139,3.60,-5.13
R.J. Mickens,2574522,DB,LAC,@KC,2.46,1,,,,,,,,,,,,0.27,,,,4.97,127,140,3.60,-1.37
Alontae Taylor,2567979,DB,NO,CAR,3.16,1.25,0.11,0.33,0.05,0.05,,,,,,,,0.76,0.22,0.6,,8.59,35,141,3.60,-4.99
Kaiir Elam,2567331,DB,TEN,@SF,1.28,0.64,,0.12,0.06,,,,,,,,,0.29,,,,3.42,164,142,3.40,-0.02
Mekhi Blackmon,2570086,DB,IND,@SEA,1.63,0.54,,0.18,0.12,0.06,0.06,0.06,,,,,,0.54,,2.72,,5.41,119,143,3.30,-2.11
Kamren Kinchens,2572204,DB,LAR,DET,3.68,1.79,,0.05,0.11,0.05,0.05,,,,,,,0.33,,3.2,,8.21,51,144,3.30,-4.91
Deommodore Lenoir,2566535,DB,SF,TEN,3.39,1.97,,0.12,0.12,,,,,,,,,0.62,,2.22,,8.49,39,145,3.30,-5.19
Cordale Flott,2567997,DB,NYG,WAS,1.91,1.22,,0.09,0.17,,,,,,,,,0.61,,1.04,,5.89,109,146,3.10,-2.79
P.J. Locke,2563012,DB,DEN,GB,1.49,0.97,0.06,0.06,0.06,0.06,,,,,,,,0.06,0.06,,,3.63,158,147,3.10,-0.53
Tremon Smith,2561103,DB,HOU,ARI,0.53,0.34,,,0.05,,,0.05,,,,,,0.29,,,,2.10,196,148,3.10,1.0
Christian Braswell,2569876,DB,JAX,NYJ,,,,,,,,,,,,,,,,,,0.00,286,149,3.00,3.0
Kevin Byard,2555158,DB,CHI,CLE,4.57,2.43,0.06,0.12,0.06,,0.06,,,,,,,0.24,0.12,0.53,,9.56,16,150,3.00,-6.56
Dean Clark,2574433,DB,NYJ,@JAX,0.34,0.46,,0.11,,0.06,,,,,,,,0.06,0.06,,,1.34,211,151,3.00,1.66
Kyle Dugger,2564601,DB,PIT,MIA,,,,,,,,,,,,,,,,,,0.00,337,152,3.00,3.0
Brandin Echols,2565726,DB,PIT,MIA,1.92,0.66,,0.06,0.06,,,,,,,,,0.3,,0.96,,4.36,141,153,3.00,-1.36
Isaiah Johnson,2573265,DB,MIA,@PIT,0.15,0.2,,,,,,,,,,,,0.1,,,,0.60,242,154,3.00,2.4
Jarrian Jones,2572144,DB,JAX,NYJ,3.22,0.82,0.06,0.13,0.13,,,,,,,,,0.76,0.19,1.83,,8.15,52,155,3.00,-5.15
Ja'Quan McMillian,2568747,DB,DEN,GB,3.15,1.07,0.06,0.28,0.11,0.06,0.06,,,,,,,0.45,0.11,1.69,,7.80,62,156,3.00,-4.8
Ty Okada,2571354,DB,SEA,IND,1.49,0.69,0.09,0.1,0.03,,,,,,,,,0.21,0.17,0.52,,3.71,157,157,3.00,-0.71
DJ Turner II,2569654,DB,CIN,BAL,2.53,0.71,0.08,0.16,0.08,,,,,,,,,0.63,0.08,1.82,,6.58,96,158,3.00,-3.58
Zayne Anderson,2566977,DB,GB,@DEN,0.35,0.24,0.06,,0.06,,,,,,,,,,0.06,,,1.03,223,159,2.70,1.67
Reed Blankenship,2568057,DB,PHI,LV,3.82,2.05,,0.07,0.21,,0.07,,,,,,,0.42,,,,8.92,27,160,2.70,-6.22
Myles Bryant,2564592,DB,HOU,ARI,1.91,0.64,,0.09,,,,,,,,,,0.18,,,,3.83,153,161,2.70,-1.13
Javon Bullard,2572027,DB,GB,@DEN,2.39,0.88,,0.06,,0.06,,,,,,,,0.13,,,,4.74,132,162,2.70,-2.04
Caelen Carson,2571967,DB,DAL,MIN,0.71,0.41,,0.06,0.06,,0.06,,,,,,,0.12,,,,1.97,199,163,2.70,0.73
Jeremy Chinn,2563632,DB,LV,@PHI,3.66,2.01,0.05,0.26,0.05,0.05,0.1,,,,,,,0.21,0.15,,,8.24,48,164,2.70,-5.54
Will Harris,2562395,DB,WAS,@NYG,3.66,1.5,,0.12,0.06,,0.06,,,,,,,0.42,,0.48,,7.91,59,165,2.70,-5.21
Ifeatu Melifonwu,2566064,DB,MIA,@PIT,0.48,0.28,0.02,0.03,0.02,0.01,0.01,,,,,,,0.05,0.04,,,1.23,216,166,2.70,1.47
Jason Pinnock,2565753,DB,SF,TEN,1.66,0.48,0.08,0.11,,0.05,,,,,,,,0.16,0.21,,,3.78,154,167,2.70,-1.08
Lathan Ransom,2573997,DB,CAR,@NO,2.06,0.88,,0.06,,0.13,0.06,,,,,,,0.13,0.06,,,4.58,136,168,2.70,-1.88
Kris Abrams-Draine,2571988,DB,DEN,GB,0.93,0.36,,,0.05,,,,,,,,,0.05,,,,1.91,203,169,2.10,0.19
Ji'Ayir Brown,2570287,DB,SF,TEN,3.22,1.71,,0.21,0.14,,,,,,,,,0.48,,0.82,,7.89,60,170,2.10,-5.79
Elijah Hicks,2567397,DB,CHI,CLE,0.35,0.29,,,,,,,,,,,,0.18,,,,1.15,217,171,2.10,0.95
Lonnie Johnson,2562295,DB,LV,@PHI,0.35,0.24,,,,,,,,,,,,0.29,,,,1.39,209,172,2.10,0.71
Robert Rochell,2566241,DB,CAR,@NO,,,,,,,,,,,,,,,,,,0.00,542,173,2.10,2.1
Daniel Thomas,2564238,DB,DET,@LAR,1.03,0.52,,,,,0.09,,,,,,,0.26,,,,2.60,185,174,2.10,-0.5
Dante Trader Jr.,2574334,DB,MIA,@PIT,1.94,1.47,,,,0.12,0.06,,,,,,,0.18,,,,4.72,133,175,2.10,-2.62
Kendall Williamson,2569639,DB,LAC,@KC,0.18,0.24,,,,,,,,,,,,0.18,0.06,,,0.89,227,176,2.10,1.21
Grant Delpit,2563773,DB,CLE,@CHI,3.69,2.03,0.05,0.32,0.05,,0.05,,,,,,,0.11,0.21,0.75,,7.96,57,177,1.80,-6.16
Jamal Adams,2557979,DB,LV,@PHI,2.59,0.53,0.15,0.23,0.08,0.08,0.08,,,,,,,0.3,0.38,1.07,,6.46,100,178,1.50,-4.96
Chidobe Awuzie,2557840,DB,BAL,@CIN,1.3,0.65,,0.05,0.05,0.05,,,,,,,,0.3,,0.6,,3.54,161,179,1.50,-2.04
Jahdae Barron,2574084,DB,DEN,GB,2.59,0.96,,0.06,0.06,,,,,,,,,0.39,0.06,,,5.77,111,180,1.50,-4.27
Josh Blackwell,2568054,DB,CHI,CLE,,,,,,,,,,,,,,,,,,0.00,273,181,1.50,1.5
Alijah Clark,2574071,DB,DAL,MIN,,,,,,,,,,,,,,,,,,0.00,311,182,1.50,1.5
Chuck Clark,2558248,DB,PIT,MIA,1.66,0.74,,0.06,0.06,0.06,,,,,,,,0.12,,,,3.74,155,183,1.50,-2.24
Jordan Clark,2574434,DB,NYJ,@JAX,,,,,,,,,,,,,,,,,,0.00,313,184,1.50,1.5
Kei'Trel Clark,2570230,DB,ARI,@HOU,2,0.67,,0.06,0.06,,,,,,,,,0.17,,0.78,,4.15,145,185,1.50,-2.65
Marcus Epps,2562946,DB,PHI,LV,1.48,1.63,,0.07,0.07,,,,,,,,,0.3,,,,4.30,142,186,1.50,-2.8
Donte Jackson,2560753,DB,LAC,@KC,2.06,0.59,,0.06,0.12,,,,,,,,,0.35,,1.53,,4.88,129,187,1.50,-3.38
Rayshawn Jenkins,2558182,DB,CLE,@CHI,0.35,0.47,,0.18,,,,,,,,,,,,,,1.08,220,188,1.50,0.42
Josh Jobe,2568087,DB,SEA,IND,2.04,0.53,,,0.06,,,,,,,,,0.47,,1.4,,4.81,130,189,1.50,-3.31
Jaylon Jones,2567406,DB,CHI,CLE,0.18,0.18,,,,0.06,,,,,,,,,,,,0.59,243,190,1.50,0.91
Devon Key,2566995,DB,DEN,GB,0.12,0.18,,0.12,0.06,,0.06,0.06,,,,,,0.06,,,,1.13,218,191,1.50,0.37
Kenny Moore II,2558976,DB,IND,@SEA,2.74,1.34,0.05,0.21,0.16,,0.05,,,,,,,0.38,0.11,1.77,,7.00,77,192,1.50,-5.5
Fabian Moreau,2558136,DB,MIN,@DAL,,,,,,,,,,,,,,,,,,0.00,489,193,1.50,1.5
Isaiah Oliver,2560830,DB,NYJ,@JAX,2.4,0.96,0.05,0.11,0.05,,0.05,,,,,,,0.21,0.11,0.8,,5.27,122,194,1.50,-3.77
Joey Porter Jr.,2570251,DB,PIT,MIA,2.81,0.9,,0.11,0.11,,,,,,,,,0.56,,1.91,,6.77,88,195,1.50,-5.27
Tyrique Stevenson,2569627,DB,CHI,CLE,3.2,1.51,,0.06,0.19,0.06,,0.06,,,,,,0.82,,3.83,,9.09,23,196,1.50,-7.59
Reddy Steward,2572974,DB,DAL,MIN,,,,,,,,,,,,,,,,,,0.00,574,197,1.50,1.5
Tarheeb Still,2572483,DB,LAC,@KC,2.86,1.21,0.05,0.11,0.16,,,,,,,,,0.44,0.11,3.19,,7.10,74,198,1.50,-5.6
T.J. Tampa,2571841,DB,BAL,@CIN,,,,,,,,,,,,,,,,,,0.00,580,199,1.50,1.5
Kevin Winston Jr.,2574165,DB,TEN,@SF,1.3,1.1,,,,,,,,,,,,0.14,0.14,,,3.03,174,200,1.50,-1.53
Jourdan Lewis,2557920,DB,JAX,NYJ,2.4,2.07,0.07,0.13,0.07,0.07,0.07,,,,,,,0.47,0.13,3.06,,7.08,75,201,1.20,-5.88
Upton Stout,2574548,DB,SF,TEN,1.66,0.74,,,0.06,,,,,,,,,0.29,,1.03,,3.90,151,202,1.20,-2.7
Ar'Darius Washington,2566632,DB,BAL,@CIN,1.48,0.67,0.13,0.13,0.13,0.13,,,,,,,,0.4,,1.62,,5.04,125,203,1.20,-3.84
Chigozie Anusiem,2573596,DB,LV,@PHI,,,,,,,,,,,,,,,,,,0.00,252,204,0.60,0.6
Tre Avery,2568801,DB,CLE,@CHI,0.28,0.33,,,,,,,,,,,,,,,,0.62,240,205,0.60,-0.02
Khalil Dorsey,2565336,DB,DET,@LAR,0.12,0.18,,,0.06,,,,,,,,,0.06,,,,0.65,239,206,0.60,-0.05
Mike Ford,2561527,DB,ATL,@TB,0.12,0.24,,,,,,,,,,,,0.12,,,,0.62,241,207,0.60,-0.02
J.T. Gray,2561206,DB,TB,ATL,,,,,,,,,,,,,,,,,,0.00,369,208,0.60,0.6
Josh Hayes,2570362,DB,TB,ATL,0.41,0.47,,,0.06,0.06,0.06,,,,0.06,,,0.18,,,,2.07,197,209,0.60,-1.47
Ja'Marcus Ingram,2569336,DB,HOU,ARI,0.63,0.39,,0.05,0.05,,,,,,,,,0.15,0.1,1.84,,1.92,202,210,0.60,-1.32
Rayuan Lane III,2574221,DB,JAX,NYJ,0.87,0.5,,,,,0.06,,,,,,,0.12,,,,1.97,200,211,0.60,-1.37
Chase Lucas,2567553,DB,SF,TEN,0.35,0.41,,,,,,,,,,,,,,,,0.77,230,212,0.60,-0.17
Dell Pettus,2573346,DB,NE,BUF,0.74,0.39,0.04,0.07,,,,,,,,,,0.07,0.04,0.64,,1.75,206,213,0.60,-1.15
Decamerion Richardson,2572237,DB,LV,@PHI,0.89,0.64,,0.05,0.1,,,,,,,,,0.1,,,,2.39,189,214,0.60,-1.79
Brenden Schooler,2568483,DB,NE,BUF,0.35,0.29,,,,,,,,,,,,,,,,0.70,235,215,0.60,-0.1
Ja'Sir Taylor,2568192,DB,NYJ,@JAX,1.06,0.73,,0.07,,,0.07,,,,,,,0.13,0.07,,,2.56,188,216,0.60,-1.96
Tavierre Thomas,2561278,DB,MIN,@DAL,0.76,1,,,,0.1,,,,,,,,0.05,,,,2.22,192,217,0.60,-1.62
Rodney Thomas,2567721,DB,IND,@SEA,0.35,0.24,,,,,,,,,,,,,0.06,,,0.70,236,218,0.50,-0.2
Micah Abraham,2572108,DB,FA,Bye,,,,,,,,,,,,,,,,,,,246,219,0.00,
BJ Adams,2574315,DB,FA,Bye,,,,,,,,,,,,,,,,,,,247,220,0.00,
Jaire Alexander,2560952,DB,FA,Bye,,,,,,,,,,,,,,,,,,,248,221,0.00,
Kam Alexander,2574640,DB,FA,Bye,,,,,,,,,,,,,,,,,,,249,222,0.00,
Zy Alexander,2574553,DB,FA,Bye,,,,,,,,,,,,,,,,,,,250,223,0.00,
Ugo Amadi,2562464,DB,NO,CAR,1.47,0.77,,0.12,,,,,,,,,,0.29,,,,3.57,160,224,0.00,-3.57
Trey Amos,2574603,DB,WAS,@NYG,,,,,,,,,,,,,,,,,,0.00,251,225,0.00,0.0
Tycen Anderson,2567442,DB,CIN,BAL,0.24,0.24,,,,,,,,,,,,,,,,0.50,245,226,0.00,-0.5
Daijahn Anthony,2571919,DB,CIN,BAL,0.47,0.12,,,,,,,,,,,,0.18,,,,1.23,215,227,0.00,-1.23
Eli Apple,2555277,DB,SF,TEN,,,,,,,,,,,,,,,,,,0.00,253,228,0.00,0.0
Jalyn Armour-Davis,2567262,DB,TEN,@SF,,,,,,,,,,,,,,,,,,0.00,254,229,0.00,0.0
Cornell Armstrong,2561147,DB,FA,Bye,,,,,,,,,,,,,,,,,,,255,230,0.00,
Damon Arnette,2564409,DB,FA,Bye,,,,,,,,,,,,,,,,,,,256,231,0.00,
Grayland Arnold,2564814,DB,FA,Bye,,,,,,,,,,,,,,,,,,,257,232,0.00,
Terrion Arnold,2572009,DB,DET,@LAR,,,,,,,,,,,,,,,,,,0.00,258,233,0.00,0.0
Alex Austin,2569591,DB,NE,BUF,,,,,,,,,,,,,,,,,,0.00,259,234,0.00,0.0
Johnathan Baldwin,2574123,DB,GB,@DEN,,,,,,,,,,,,,,,,,,0.00,260,235,0.00,0.0
Corey Ballentine,2562228,DB,DAL,MIN,,,,,,,,,,,,,,,,,,0.00,261,236,0.00,0.0
Deonte Banks,2570155,DB,NYG,WAS,2.47,0.82,,0.06,0.12,0.06,0.06,,,,,,,0.71,,0.29,,6.76,89,237,0.00,-6.76
Marcus Banks,2573551,DB,TB,ATL,,,,,,,,,,,,,,,,,,0.00,262,238,0.00,0.0
Luq Barcoo,2564160,DB,FA,Bye,,,,,,,,,,,,,,,,,,,263,239,0.00,
Shemar Bartholomew,2572678,DB,GB,@DEN,,,,,,,,,,,,,,,,,,0.00,264,240,0.00,0.0
Essang Bassey,2563875,DB,FA,Bye,,,,,,,,,,,,,,,,,,,265,241,0.00,
Miles Battle,2572808,DB,FA,Bye,0.3,0.25,,,,,,,,,,,,0.15,,,,,225,242,0.00,
Dalys Beanum,2574392,DB,NO,CAR,,,,,,,,,,,,,,,,,,0.00,266,243,0.00,0.0
D'Anthony Bell,2568630,DB,CAR,@NO,,,,,,,,,,,,,,,,,,0.00,267,244,0.00,0.0
Christian Benford,2567322,DB,BUF,@NE,,,,,,,,,,,,,,,,,,0.00,268,245,0.00,0.0
Jakorian Bennett,2570038,DB,PHI,LV,0.94,0.65,,,0.06,,,0.06,,,,,,0.29,,0.94,,3.01,175,246,0.00,-3.01
Jarrick Bernard-Converse,2570176,DB,NYG,WAS,,,,,,,,,,,,,,,,,,0.00,269,247,0.00,0.0
Beanie Bishop Jr.,2573512,DB,NO,CAR,,,,,,,,,,,,,,,,,,0.00,270,248,0.00,0.0
Henry Black,2563974,DB,FA,Bye,,,,,,,,,,,,,,,,,,,271,249,0.00,
Korie Black,2574414,DB,NYG,WAS,1,1.1,,0.2,,,,,,,,,,0.2,,,,2.96,178,250,0.00,-2.96
Julian Blackmon,2564103,DB,NO,CAR,,,,,,,,,,,,,,,,,,0.00,272,251,0.00,0.0
Joshuah Bledsoe,2566331,DB,FA,Bye,,,,,,,,,,,,,,,,,,,274,252,0.00,
Joey Blount,2568225,DB,ARI,@HOU,,,,,,,,,,,,,,,,,,0.00,275,253,0.00,0.0
Bubba Bolden,2568228,DB,FA,Bye,,,,,,,,,,,,,,,,,,,276,254,0.00,
Isaiah Bolden,2570116,DB,FA,Bye,,,,,,,,,,,,,,,,,,,277,255,0.00,
Ethan Bonner,2571144,DB,MIA,@PIT,0.18,0.24,,,,,,,,,,,,0.06,,,,0.56,244,256,0.00,-0.56
Andrew Booth,2567904,DB,FA,Bye,,,,,,,,,,,,,,,,,,,278,257,0.00,
Dicaprio Bootle,2566980,DB,FA,Bye,,,,,,,,,,,,,,,,,,,279,258,0.00,
Billy Bowman Jr.,2573907,DB,ATL,@TB,,,,,,,,,,,,,,,,,,0.00,280,259,0.00,0.0
Kris Boyd,2562630,DB,NYJ,@JAX,,,,,,,,,,,,,,,,,,0.00,281,260,0.00,0.0
Ekow Boye-Doe,2571497,DB,FA,Bye,,,,,,,,,,,,,,,,,,,282,261,0.00,
Beau Brade,2572591,DB,NYG,WAS,,,,,,,,,,,,,,,,,,0.00,283,262,0.00,0.0
Millard Bradford,2573361,DB,FA,Bye,,,,,,,,,,,,,,,,,,,284,263,0.00,
Brian Branch,2569729,DB,DET,@LAR,,,,,,,,,,,,,,,,,,0.00,285,264,0.00,0.0
Julius Brents,2569840,DB,MIA,@PIT,,,,,,,,,,,,,,,,,,0.00,287,265,0.00,0.0
Trikweze Bridges,2574506,DB,DAL,MIN,,,,,,,,,,,,,,,,,,0.00,288,266,0.00,0.0
Nate Brooks,2562843,DB,FA,Bye,,,,,,,,,,,,,,,,,,,289,267,0.00,
Natrone Brooks,2571422,DB,ATL,@TB,0.12,0.24,,,0.06,,,,,,,,,0.12,,,,0.83,229,268,0.00,-0.83
Will Brooks,2574666,DB,FA,Bye,,,,,,,,,,,,,,,,,,,290,269,0.00,
JaTravis Broughton,2573976,DB,FA,Bye,,,,,,,,,,,,,,,,,,,291,270,0.00,
Kahzir Brown,2574127,DB,FA,Bye,,,,,,,,,,,,,,,,,,,292,271,0.00,
Mike Brown,2569050,DB,TEN,@SF,,,,,,,,,,,,,,,,,,0.00,293,272,0.00,0.0
Omar Brown,2573082,DB,FA,Bye,,,,,,,,,,,,,,,,,,,294,273,0.00,
Sydney Brown,2570200,DB,PHI,LV,1.93,0.45,,,,0.07,,,,,,,,0.07,,,,3.59,159,274,0.00,-3.59
Tony Brown,2560982,DB,FA,Bye,,,,,,,,,,,,,,,,,,,295,275,0.00,
Tre Brown,2566550,DB,NYJ,@JAX,,,,,,,,,,,,,,,,,,0.00,296,276,0.00,0.0
Jarvis Brownlee Jr.,2572060,DB,NYJ,@JAX,,,,,,,,,,,,,,,,,,0.00,297,277,0.00,0.0
Terrell Burgess,2564331,DB,NO,CAR,0.63,0.51,,0.17,,,,,,,,,,0.11,0.06,,,1.81,204,278,0.00,-1.81
Artie Burns,2555344,DB,MIA,@PIT,,,,,,,,,,,,,,,,,,0.00,299,279,0.00,0.0
Major Burns,2574005,DB,FA,Bye,,,,,,,,,,,,,,,,,,,300,280,0.00,
Deon Bush,2555155,DB,KC,LAC,,,,,,,,,,,,,,,,,,0.00,301,281,0.00,0.0
Josh Butler,2571753,DB,DAL,MIN,,,,,,,,,,,,,,,,,,0.00,302,282,0.00,0.0
Percy Butler,2568318,DB,WAS,@NYG,1.35,1.16,,0.13,,,,,,,,,,0.13,,,,3.24,169,283,0.00,-3.24
Keydrain Calligan,2574620,DB,TEN,@SF,,,,,,,,,,,,,,,,,,0.00,303,284,0.00,0.0
Elijah Campbell,2561455,DB,MIA,@PIT,,,,,,,,,,,,,,,,,,0.00,304,285,0.00,0.0
Derrick Canteen,2574537,DB,SF,TEN,,,,,,,,,,,,,,,,,,0.00,305,286,0.00,0.0
Ajani Carter,2574652,DB,HOU,ARI,,,,,,,,,,,,,,,,,,0.00,306,287,0.00,0.0
Michael Carter II,2565717,DB,PHI,LV,0.92,0.68,,0.12,0.06,,0.06,,,,,,,0.31,,1.42,,3.06,172,288,0.00,-3.06
Sebastian Castro,2574491,DB,PIT,MIA,0.34,0.23,,,0.06,,,,,,,,,,,,,0.86,228,289,0.00,-0.86
Tariq Castro-Fields,2568201,DB,PHI,LV,,,,,,,,,,,,,,,,,,0.00,307,290,0.00,0.0
Zion Childress,2574070,DB,DAL,MIN,,,,,,,,,,,,,,,,,,0.00,308,291,0.00,0.0
Lewis Cine,2567910,DB,FA,Bye,,,,,,,,,,,,,,,,,,,309,292,0.00,
Andre Cisco,2566154,DB,NYJ,@JAX,,,,,,,,,,,,,,,,,,0.00,310,293,0.00,0.0
Hudson Clark,2574287,DB,FA,Bye,,,,,,,,,,,,,,,,,,,312,294,0.00,
Brandon Codrington,2572856,DB,BUF,@NE,,,,,,,,,,,,,,,,,,0.00,314,295,0.00,0.0
Jordan Colbert,2573256,DB,MIA,@PIT,,,,,,,,,,,,,,,,,,0.00,315,296,0.00,0.0
Alex Cook,2570587,DB,FA,Bye,,,,,,,,,,,,,,,,,,,316,297,0.00,
Ryan Cooper Jr.,2572603,DB,FA,Bye,,,,,,,,,,,,,,,,,,,317,298,0.00,
Te'Cory Couch,2573644,DB,BUF,@NE,,,,,,,,,,,,,,,,,,0.00,318,299,0.00,0.0
Jacobe Covington,2574242,DB,FA,Bye,,,,,,,,,,,,,,,,,,,319,300,0.00,
Keion Crossen,2561157,DB,FA,Bye,,,,,,,,,,,,,,,,,,,320,301,0.00,
Brandon Crossley,2574371,DB,FA,Bye,,,,,,,,,,,,,,,,,,,321,302,0.00,
Fentrell Cypress II,2574609,DB,FA,Bye,,,,,,,,,,,,,,,,,,,322,303,0.00,
Cameron Dantzler,2564526,DB,FA,Bye,,,,,,,,,,,,,,,,,,,323,304,0.00,
Ronald Darby,2552689,DB,FA,Bye,,,,,,,,,,,,,,,,,,,324,305,0.00,
Jaden Davis,2572408,DB,ARI,@HOU,,,,,,,,,,,,,,,,,,0.00,325,306,0.00,0.0
Jalen Davis,2561316,DB,CIN,BAL,,,,,,,,,,,,,,,,,,0.00,326,307,0.00,0.0
Michael Davis,2559164,DB,NO,CAR,,,,,,,,,,,,,,,,,,0.00,327,308,0.00,0.0
Elliott Davison,2574396,DB,NO,CAR,,,,,,,,,,,,,,,,,,0.00,328,309,0.00,0.0
MJ Devonshire,2572222,DB,BUF,@NE,,,,,,,,,,,,,,,,,,0.00,329,310,0.00,0.0
Marcellas Dial Jr.,2572291,DB,NE,BUF,,,,,,,,,,,,,,,,,,0.00,330,311,0.00,0.0
Quandre Diggs,2552262,DB,SEA,IND,,,,,,,,,,,,,,,,,,0.00,331,312,0.00,0.0
Trevon Diggs,2563836,DB,GB,@DEN,,,,,,,,,,,,,,,,,,0.00,332,313,0.00,0.0
Malik Dixon-Williams,2574263,DB,FA,Bye,,,,,,,,,,,,,,,,,,,333,314,0.00,
Mello Dotson,2574290,DB,FA,Bye,,,,,,,,,,,,,,,,,,,334,315,0.00,
Michael Dowell,2572992,DB,FA,Bye,,,,,,,,,,,,,,,,,,,335,316,0.00,
Storm Duck,2573259,DB,MIA,@PIT,,,,,,,,,,,,,,,,,,0.00,336,317,0.00,0.0
Isaiah Dunn,2565720,DB,FA,Bye,,,,,,,,,,,,,,,,,,,338,318,0.00,
Chris Edmonds,2573025,DB,CLE,@CHI,,,,,,,,,,,,,,,,,,0.00,339,319,0.00,0.0
Terrell Edmunds,2560712,DB,LV,@PHI,,,,,,,,,,,,,,,,,,0.00,340,320,0.00,0.0
Mike Edwards,2562259,DB,KC,LAC,,,,,,,,,,,,,,,,,,0.00,342,321,0.00,0.0
DeShon Elliott,2560715,DB,PIT,MIA,,,,,,,,,,,,,,,,,,0.00,343,322,0.00,0.0
Martin Emerson,2567466,DB,CLE,@CHI,,,,,,,,,,,,,,,,,,0.00,344,323,0.00,0.0
Akayleb Evans,2567913,DB,CAR,@NO,,,,,,,,,,,,,,,,,,0.00,345,324,0.00,0.0
JayVian Farr,2574662,DB,FA,Bye,,,,,,,,,,,,,,,,,,,346,325,0.00,
AJ Finley,2571294,DB,SEA,IND,,,,,,,,,,,,,,,,,,0.00,347,326,0.00,0.0
Dallis Flowers,2568906,DB,CHI,CLE,,,,,,,,,,,,,,,,,,0.00,348,327,0.00,0.0
Tre Flowers,2560728,DB,PIT,MIA,,,,,,,,,,,,,,,,,,0.00,349,328,0.00,0.0
Tra Fluellen,2573905,DB,FA,Bye,,,,,,,,,,,,,,,,,,,350,329,0.00,
Darrick Forrest,2566598,DB,FA,Bye,,,,,,,,,,,,,,,,,,,351,330,0.00,
O'Donnell Fortune,2574423,DB,FA,Bye,,,,,,,,,,,,,,,,,,,352,331,0.00,
Sam Franklin Jr.,2563638,DB,BUF,@NE,0.12,0.18,,,0.06,,0.06,,,,,,,0.06,,,,0.71,232,332,0.00,-0.71
Zah Frazier,2574009,DB,CHI,CLE,,,,,,,,,,,,,,,,,,0.00,353,333,0.00,0.0
Jordan Fuller,2564340,DB,ATL,@TB,,,,,,,,,,,,,,,,,,0.00,354,334,0.00,0.0
Kristian Fulton,2564046,DB,KC,LAC,2.33,0.67,,0.13,0.07,,,,,,,,,0.33,,1.2,,5.20,123,335,0.00,-5.2
Tyrek Funderburk,2573563,DB,MIN,@DAL,,,,,,,,,,,,,,,,,,0.00,355,336,0.00,0.0
Keenan Garber,2574346,DB,DET,@LAR,,,,,,,,,,,,,,,,,,0.00,356,337,0.00,0.0
Sauce Gardner,2568027,DB,IND,@SEA,,,,,,,,,,,,,,,,,,0.00,357,338,0.00,0.0
Mekhi Garner,2570644,DB,FA,Bye,,,,,,,,,,,,,,,,,,,359,339,0.00,
Allan George,2568591,DB,FA,Bye,,,,,,,,,,,,,,,,,,,360,340,0.00,
Isaac Gifford,2573982,DB,FA,Bye,,,,,,,,,,,,,,,,,,,361,341,0.00,
Stephon Gilmore,2533062,DB,FA,Bye,,,,,,,,,,,,,,,,,,,362,342,0.00,
Steven Gilmore,2570954,DB,FA,Bye,,,,,,,,,,,,,,,,,,,363,343,0.00,
Mario Goodrich,2568084,DB,FA,Bye,,,,,,,,,,,,,,,,,,,364,344,0.00,
C.J. Goodwin,2550767,DB,DAL,MIN,,,,,,,,,,,,,,,,,,0.00,365,345,0.00,0.0
Kyler Gordon,2567391,DB,CHI,CLE,,,,,,,,,,,,,,,,,,0.00,366,346,0.00,0.0
Thomas Graham Jr.,2565923,DB,FA,Bye,,,,,,,,,,,,,,,,,,,367,347,0.00,
Richie Grant,2565818,DB,NE,BUF,,,,,,,,,,,,,,,,,,0.00,368,348,0.00,0.0
A.J. Green,2563782,DB,MIA,@PIT,,,,,,,,,,,,,,,,,,0.00,370,349,0.00,0.0
Art Green,2570918,DB,NYG,WAS,,,,,,,,,,,,,,,,,,0.00,371,350,0.00,0.0
Shaquill Griffin,2558259,DB,SEA,IND,,,,,,,,,,,,,,,,,,0.00,372,351,0.00,0.0
Kamal Hadden,2572165,DB,GB,@DEN,0.35,0.24,,0.06,0.06,,,,,,,,,0.12,,,,1.27,213,352,0.00,-1.27
Kahlef Hailassie,2570719,DB,MIN,@DAL,,,,,,,,,,,,,,,,,,0.00,373,353,0.00,0.0
Bryce Hall,2564796,DB,TB,ATL,,,,,,,,,,,,,,,,,,0.00,374,354,0.00,0.0
Kemon Hall,2562975,DB,TEN,@SF,,,,,,,,,,,,,,,,,,0.00,376,355,0.00,0.0
Tyler Hall,2563497,DB,SEA,IND,,,,,,,,,,,,,,,,,,0.00,377,356,0.00,0.0
Damar Hamlin,2565872,DB,BUF,@NE,,,,,,,,,,,,,,,,,,0.00,378,357,0.00,0.0
Dominique Hampton,2572567,DB,CHI,CLE,,,,,,,,,,,,,,,,,,0.00,379,358,0.00,0.0
Jordan Hancock,2573960,DB,BUF,@NE,1.78,1.11,,,,,,,,,,,,,,,,3.34,166,359,0.00,-3.34
Harrison Hand,2564547,DB,FA,Bye,,,,,,,,,,,,,,,,,,,380,360,0.00,
Daequan Hardy,2571868,DB,PIT,MIA,,,,,,,,,,,,,,,,,,0.00,381,361,0.00,0.0
Bruce Harmon,2574075,DB,FA,Bye,,,,,,,,,,,,,,,,,,,382,362,0.00,
Thomas Harper,2573421,DB,DET,@LAR,,,,,,,,,,,,,,,,,,0.00,383,363,0.00,0.0
Jermari Harris,2574150,DB,FA,Bye,,,,,,,,,,,,,,,,,,,384,364,0.00,
Ronnie Harrison,2561008,DB,ATL,@TB,1.2,0.65,0.1,0.15,,,,,,,,,,0.15,0.15,,,3.07,171,365,0.00,-3.07
Tre Hawkins III,2570164,DB,WAS,@NYG,,,,,,,,,,,,,,,,,,0.00,386,366,0.00,0.0
Kaleb Hayes,2571020,DB,FA,Bye,,,,,,,,,,,,,,,,,,,387,367,0.00,
Azizi Hearn,2571087,DB,FA,Bye,,,,,,,,,,,,,,,,,,,388,368,0.00,
DeMarcco Hellams,2569552,DB,ATL,@TB,,,,,,,,,,,,,,,,,,0.00,389,369,0.00,0.0
C.J. Henderson,2564199,DB,ATL,@TB,,,,,,,,,,,,,,,,,,0.00,390,370,0.00,0.0
Jack Henderson,2573984,DB,MIA,@PIT,,,,,,,,,,,,,,,,,,0.00,391,371,0.00,0.0
Tre Herndon,2561340,DB,FA,Bye,,,,,,,,,,,,,,,,,,,392,372,0.00,
Tyron Herring,2574131,DB,GB,@DEN,,,,,,,,,,,,,,,,,,0.00,393,373,0.00,0.0
Daxton Hill,2567451,DB,CIN,BAL,3.71,1.36,0.14,0.14,0.07,,,,,,,,,0.64,0.29,1.21,,8.90,29,374,0.00,-8.9
Mike Hilton,2556559,DB,IND,@SEA,,,,,,,,,,,,,,,,,,0.00,394,375,0.00,0.0
Nate Hobbs,2566259,DB,GB,@DEN,2.92,1.28,0.06,0.12,0.06,0.06,,,,,,,,0.35,0.12,0.82,,6.83,85,376,0.00,-6.83
Garnett Hollis Jr.,2574644,DB,FA,Bye,,,,,,,,,,,,,,,,,,,395,377,0.00,
Christian Holmes,2568330,DB,FA,Bye,,,,,,,,,,,,,,,,,,,396,378,0.00,
Darnay Holmes,2564739,DB,LV,@PHI,1.35,0.76,,0.06,0.06,,,,,,,,,0.23,0.06,0.7,,3.41,165,379,0.00,-3.41
Gavin Holmes,2574110,DB,FA,Bye,,,,,,,,,,,,,,,,,,,397,380,0.00,
Maxen Hook,2574459,DB,SEA,IND,,,,,,,,,,,,,,,,,,0.00,398,381,0.00,0.0
Xavien Howard,2555539,DB,FA,Bye,,,,,,,,,,,,,,,,,,,399,382,0.00,
Mike Hughes,2560746,DB,ATL,@TB,2.88,0.84,,0.24,0.06,,,,,,,,,0.3,,0.96,,6.18,105,383,0.00,-6.18
John Humphrey,2574296,DB,FA,Bye,,,,,,,,,,,,,,,,,,,400,384,0.00,
Alijah Huzzie,2574171,DB,HOU,ARI,,,,,,,,,,,,,,,,,,0.00,401,385,0.00,0.0
Desmond Igbinosun,2573934,DB,FA,Bye,,,,,,,,,,,,,,,,,,,402,386,0.00,
Tanner Ingle,2570011,DB,LAR,DET,,,,,,,,,,,,,,,,,,0.00,403,387,0.00,0.0
Keenan Isaac,2571623,DB,FA,Bye,,,,,,,,,,,,,,,,,,,404,388,0.00,
D.J. Ivey,2569660,DB,CIN,BAL,0.24,0.24,,,0.06,,,,,,,,,0.12,,,,1.01,224,389,0.00,-1.01
Dan Jackson,2574112,DB,DET,@LAR,,,,,,,,,,,,,,,,,,0.00,405,390,0.00,0.0
Dane Jackson,2563614,DB,BUF,@NE,,,,,,,,,,,,,,,,,,0.00,406,391,0.00,0.0
Keondre Jackson,2573935,DB,BAL,@CIN,,,,,,,,,,,,,,,,,,0.00,407,392,0.00,0.0
Lamar Jackson,2565513,DB,FA,Bye,,,,,,,,,,,,,,,,,,,408,393,0.00,
Theo Jackson,2567652,DB,MIN,@DAL,1.21,0.6,,0.09,0.05,,,,,,,,,0.09,0.05,,,2.74,183,394,0.00,-2.74
DJ James,2572519,DB,FA,Bye,,,,,,,,,,,,,,,,,,,409,395,0.00,
LaMareon James,2574050,DB,FA,Bye,,,,,,,,,,,,,,,,,,,410,396,0.00,
D'Shawn Jamison,2571318,DB,PIT,MIA,,,,,,,,,,,,,,,,,,0.00,411,397,0.00,0.0
Shemar Jean-Charles,2566079,DB,SEA,IND,,,,,,,,,,,,,,,,,,0.00,412,398,0.00,0.0
Gabe Jeudy-Lally,2573461,DB,FA,Bye,,,,,,,,,,,,,,,,,,,413,399,0.00,
Alex Johnson,2573494,DB,FA,Bye,,,,,,,,,,,,,,,,,,,414,400,0.00,
Anthony Johnson Jr.,2569789,DB,NYG,WAS,,,,,,,,,,,,,,,,,,0.00,415,401,0.00,0.0
Brandon Johnson,2574461,DB,PHI,LV,,,,,,,,,,,,,,,,,,0.00,416,402,0.00,0.0
Emany Johnson,2573055,DB,LAC,@KC,,,,,,,,,,,,,,,,,,0.00,417,403,0.00,0.0
Nazeeh Johnson,2567793,DB,KC,LAC,,,,,,,,,,,,,,,,,,0.00,418,404,0.00,0.0
Quindell Johnson,2569981,DB,FA,Bye,,,,,,,,,,,,,,,,,,,419,405,0.00,
Tysheem Johnson,2574012,DB,ATL,@TB,,,,,,,,,,,,,,,,,,0.00,420,406,0.00,0.0
Shaun Jolly,2568645,DB,FA,Bye,,,,,,,,,,,,,,,,,,,421,407,0.00,
Dom Jones,2574052,DB,CLE,@CHI,,,,,,,,,,,,,,,,,,0.00,422,408,0.00,0.0
Elijah Jones,2572417,DB,ARI,@HOU,,,,,,,,,,,,,,,,,,0.00,423,409,0.00,0.0
Jaylon Jones,2569870,DB,IND,@SEA,2.47,1.1,,0.11,0.05,,,,,,,,,0.37,,0.58,,5.65,113,410,0.00,-5.65
Jonathan Jones,2556571,DB,WAS,@NYG,,,,,,,,,,,,,,,,,,0.00,424,411,0.00,0.0
Nic Jones,2569933,DB,NYG,WAS,,,,,,,,,,,,,,,,,,0.00,425,412,0.00,0.0
Kerby Joseph,2567550,DB,DET,@LAR,,,,,,,,,,,,,,,,,,0.00,426,413,0.00,0.0
PJ Jules,2572998,DB,CIN,BAL,,,,,,,,,,,,,,,,,,0.00,427,414,0.00,0.0
Gregory Junior,2567748,DB,FA,Bye,,,,,,,,,,,,,,,,,,,428,415,0.00,
Sanoussi Kane,2571829,DB,TEN,@SF,,,,,,,,,,,,,,,,,,0.00,429,416,0.00,0.0
Damontae Kazee,2558184,DB,DET,@LAR,,,,,,,,,,,,,,,,,,0.00,430,417,0.00,0.0
Kyu Blu Kelly,2569570,DB,LV,@PHI,,,,,,,,,,,,,,,,,,0.00,431,418,0.00,0.0
Anthony Kendall,2571467,DB,CLE,@CHI,,,,,,,,,,,,,,,,,,0.00,432,419,0.00,0.0
Derion Kendrick,2567841,DB,LAR,DET,0.35,0.24,,,0.04,,,,,,,,,0.12,,,,1.11,219,420,0.00,-1.11
Ian Kennelly,2574114,DB,FA,Bye,,,,,,,,,,,,,,,,,,,433,421,0.00,
Donte Kent,2574497,DB,PIT,MIA,,,,,,,,,,,,,,,,,,0.00,434,422,0.00,0.0
Jaylen Key,2572366,DB,FA,Bye,,,,,,,,,,,,,,,,,,,435,423,0.00,
Miles Killebrew,2555315,DB,PIT,MIA,,,,,,,,,,,,,,,,,,0.00,436,424,0.00,0.0
Jalen Kimber,2574154,DB,CIN,BAL,,,,,,,,,,,,,,,,,,0.00,437,425,0.00,0.0
Kalen King,2572039,DB,ARI,@HOU,,,,,,,,,,,,,,,,,,0.00,438,426,0.00,0.0
Kevin King,2557996,DB,FA,Bye,,,,,,,,,,,,,,,,,,,439,427,0.00,
Kader Kohou,2569032,DB,MIA,@PIT,,,,,,,,,,,,,,,,,,0.00,441,428,0.00,0.0
Bilhal Kone,2573938,DB,BAL,@CIN,,,,,,,,,,,,,,,,,,0.00,442,429,0.00,0.0
Quentin Lake,2567844,DB,LAR,DET,,,,,,,,,,,,,,,,,,0.00,443,430,0.00,0.0
Chris Lammons,2561226,DB,IND,@SEA,,,,,,,,,,,,,,,,,,0.00,444,431,0.00,0.0
Cam Lampkin,2573817,DB,LAR,DET,,,,,,,,,,,,,,,,,,0.00,445,432,0.00,0.0
Marshon Lattimore,2558061,DB,WAS,@NYG,,,,,,,,,,,,,,,,,,0.00,446,433,0.00,0.0
Raheem Layne,2569206,DB,NYG,WAS,,,,,,,,,,,,,,,,,,0.00,447,434,0.00,0.0
Deane Leonard,2568180,DB,LAC,@KC,0.18,0.24,,,,,,0.06,,,,,,0.24,,,,1.25,214,435,0.00,-1.25
Clarence Lewis,2574155,DB,FA,Bye,,,,,,,,,,,,,,,,,,,449,436,0.00,
David Long,2562798,DB,CAR,@NO,,,,,,,,,,,,,,,,,,0.00,450,437,0.00,0.0
Robert Longerbeam,2573939,DB,BAL,@CIN,,,,,,,,,,,,,,,,,,0.00,451,438,0.00,0.0
Keni-H Lovely,2572914,DB,JAX,NYJ,,,,,,,,,,,,,,,,,,0.00,452,439,0.00,0.0
Reuben Lowery,2573941,DB,IND,@SEA,,,,,,,,,,,,,,,,,,0.00,453,440,0.00,0.0
Shaquan Loyal,2574032,DB,FA,Bye,,,,,,,,,,,,,,,,,,,454,441,0.00,
Darrell Luter Jr.,2570305,DB,SF,TEN,0.35,0.41,,,,,,,,,,,,,,,,0.77,231,442,0.00,-0.77
Bralyn Lux,2574033,DB,CIN,BAL,,,,,,,,,,,,,,,,,,0.00,455,443,0.00,0.0
Jaylen Mahoney,2573527,DB,NYJ,@JAX,,,,,,,,,,,,,,,,,,0.00,456,444,0.00,0.0
Jason Maitre,2573852,DB,MIA,@PIT,,,,,,,,,,,,,,,,,,0.00,457,445,0.00,0.0
Dontae Manning,2573913,DB,CHI,CLE,,,,,,,,,,,,,,,,,,0.00,458,446,0.00,0.0
Jason Marshall Jr.,2574327,DB,MIA,@PIT,1.43,0.86,,,,,,,,,,,,0.14,,,,3.01,176,447,0.00,-3.01
Keyon Martin,2573944,DB,BAL,@CIN,,,,,,,,,,,,,,,,,,0.00,459,448,0.00,0.0
Tyrann Mathieu,2540180,DB,FA,Bye,,,,,,,,,,,,,,,,,,,460,449,0.00,
Damarri Mathis,2567529,DB,CAR,@NO,,,,,,,,,,,,,,,,,,0.00,461,450,0.00,0.0
Christian Matthew,2568114,DB,FA,Bye,,,,,,,,,,,,,,,,,,,462,451,0.00,
Arthur Maulet,2559087,DB,DET,@LAR,,,,,,,,,,,,,,,,,,0.00,463,452,0.00,0.0
Marcus Maye,2557995,DB,LAC,@KC,,,,,,,,,,,,,,,,,,0.00,464,453,0.00,0.0
BJ Mayes,2574464,DB,FA,Bye,,,,,,,,,,,,,,,,,,,465,454,0.00,
Tanner McCalister,2570855,DB,KC,LAC,,,,,,,,,,,,,,,,,,0.00,466,455,0.00,0.0
Nick McCloud,2566638,DB,CHI,CLE,1.13,0.57,,,,,,,,,,,,0.1,,,,2.29,191,456,0.00,-2.29
Tristin McCollum,2568882,DB,LV,@PHI,,,,,,,,,,,,,,,,,,0.00,467,457,0.00,0.0
Zyon McCollum,2568309,DB,TB,ATL,3.18,1.41,,0.06,0.12,,,,,,,,,0.88,,0.59,,8.35,43,458,0.00,-8.35
Marcelino McCrary-Ball,2569260,DB,NYJ,@JAX,,,,,,,,,,,,,,,,,,0.00,468,459,0.00,0.0
Roger McCreary,2567655,DB,LAR,DET,,,,,,,,,,,,,,,,,,0.00,469,460,0.00,0.0
Cameron McCutcheon,2571512,DB,FA,Bye,,,,,,,,,,,,,,,,,,,470,461,0.00,
Robert McDaniel,2574614,DB,WAS,@NYG,,,,,,,,,,,,,,,,,,0.00,471,462,0.00,0.0
Trent McDuffie,2567802,DB,KC,LAC,,,,,,,,,,,,,,,,,,0.00,472,463,0.00,0.0
Dwight McGlothern,2573310,DB,MIN,@DAL,,,,,,,,,,,,,,,,,,0.00,473,464,0.00,0.0
Kyler McMichael,2569302,DB,FA,Bye,,,,,,,,,,,,,,,,,,,474,465,0.00,
Donovan McMillon,2574059,DB,CLE,@CHI,,,,,,,,,,,,,,,,,,0.00,475,466,0.00,0.0
Patrick McMorris,2572246,DB,NYG,WAS,,,,,,,,,,,,,,,,,,0.00,476,467,0.00,0.0
Zech McPhearson,2566406,DB,FA,Bye,,,,,,,,,,,,,,,,,,,477,468,0.00,
Mac McWilliams,2574466,DB,PHI,LV,,,,,,,,,,,,,,,,,,0.00,478,469,0.00,0.0
Max Melton,2572420,DB,ARI,@HOU,,,,,,,,,,,,,,,,,,0.00,479,470,0.00,0.0
Kaevon Merriweather,2571626,DB,HOU,ARI,0.41,0.47,,,,,,,,,,,,,,,,0.90,226,471,0.00,-0.9
D.J. Miller,2572838,DB,FA,Bye,,,,,,,,,,,,,,,,,,,480,472,0.00,
Glendon Miller,2574251,DB,FA,Bye,,,,,,,,,,,,,,,,,,,481,473,0.00,
Jalen Mills,2555383,DB,DET,@LAR,,,,,,,,,,,,,,,,,,0.00,482,474,0.00,0.0
Josh Minkins,2574377,DB,FA,Bye,,,,,,,,,,,,,,,,,,,483,475,0.00,
Kobee Minor,2574378,DB,NE,BUF,,,,,,,,,,,,,,,,,,0.00,484,476,0.00,0.0
Cameron Mitchell,2569684,DB,IND,@SEA,0.84,0.52,,0.08,0.04,,,,,,,,,0.12,,,,2.13,194,477,0.00,-2.13
Elijah Molden,2566115,DB,LAC,@KC,,,,,,,,,,,,,,,,,,0.00,485,478,0.00,0.0
Jarius Monroe,2572708,DB,NYJ,@JAX,,,,,,,,,,,,,,,,,,0.00,486,479,0.00,0.0
Tarvarius Moore,2561117,DB,FA,Bye,,,,,,,,,,,,,,,,,,,487,480,0.00,
TJ Moore,2574425,DB,NYG,WAS,,,,,,,,,,,,,,,,,,0.00,488,481,0.00,0.0
Benjamin Morrison,2574592,DB,TB,ATL,,,,,,,,,,,,,,,,,,0.00,490,482,0.00,0.0
R.J. Moten,2574647,DB,FA,Bye,,,,,,,,,,,,,,,,,,,491,483,0.00,
Jabbar Muhammad,2574227,DB,JAX,NYJ,,,,,,,,,,,,,,,,,,0.00,492,484,0.00,0.0
Israel Mukuamu,2566013,DB,FA,Bye,,,,,,,,,,,,,,,,,,,493,485,0.00,
Andrew Mukuba,2574469,DB,PHI,LV,,,,,,,,,,,,,,,,,,0.00,494,486,0.00,0.0
Sean Murphy-Bunting,2562635,DB,ARI,@HOU,,,,,,,,,,,,,,,,,,0.00,495,487,0.00,0.0
Siran Neal,2560818,DB,SF,TEN,,,,,,,,,,,,,,,,,,0.00,496,488,0.00,0.0
Nik Needham,2563220,DB,NYJ,@JAX,,,,,,,,,,,,,,,,,,0.00,497,489,0.00,0.0
Quinton Newsome,2573680,DB,FA,Bye,,,,,,,,,,,,,,,,,,,498,490,0.00,
Josh Newton,2571943,DB,CIN,BAL,1.69,0.45,,0.11,0.06,,,,,,,,,0.34,,1.24,,4.07,146,491,0.00,-4.07
Parry Nickerson,2560822,DB,PHI,LV,,,,,,,,,,,,,,,,,,0.00,499,492,0.00,0.0
Ben Nikkel,2573605,DB,IND,@SEA,,,,,,,,,,,,,,,,,,0.00,500,493,0.00,0.0
Morice Norris Jr.,2573139,DB,FA,Bye,,,,,,,,,,,,,,,,,,,501,494,0.00,
George Odum,2561131,DB,IND,@SEA,0.33,0.28,,,,,,,,,,,,,,,,0.66,238,495,0.00,-0.66
Michael Ojemudia,2563908,DB,FA,Bye,,,,,,,,,,,,,,,,,,,502,496,0.00,
Jeff Okudah,2563944,DB,MIN,@DAL,,,,,,,,,,,,,,,,,,0.00,503,497,0.00,0.0
Kitan Oladapo,2572051,DB,GB,@DEN,,,,,,,,,,,,,,,,,,0.00,504,498,0.00,0.0
Jordan Oladokun,2574523,DB,LAC,@KC,,,,,,,,,,,,,,,,,,0.00,505,499,0.00,0.0
Amani Oruwariye,2562390,DB,BAL,@CIN,,,,,,,,,,,,,,,,,,0.00,506,500,0.00,0.0
Gervarrius Owens,2570161,DB,CHI,CLE,,,,,,,,,,,,,,,,,,0.00,507,501,0.00,0.0
Jonathan Owens,2561255,DB,CHI,CLE,0.35,0.29,,,,,,,,,,,,,,,,0.70,233,502,0.00,-0.7
Tyler Owens,2573608,DB,WAS,@NYG,0.35,0.29,,,,,,,,,,,,,,,,0.70,234,503,0.00,-0.7
Wande Owens,2573967,DB,BUF,@NE,,,,,,,,,,,,,,,,,,0.00,508,504,0.00,0.0
Makari Paige,2574426,DB,FA,Bye,,,,,,,,,,,,,,,,,,,509,505,0.00,
Roman Parodie,2574593,DB,FA,Bye,,,,,,,,,,,,,,,,,,,510,506,0.00,
Rico Payton,2573394,DB,NYG,WAS,0.59,0.29,,,0.06,,,,,,,,,0.29,,,,1.99,198,507,0.00,-1.99
Jabrill Peppers,2557980,DB,PIT,MIA,1.65,0.9,0.05,0.1,0.05,,,,,,,,,0.15,0.1,0.75,,3.89,152,508,0.00,-3.89
Mark Perry,2573277,DB,GB,@DEN,,,,,,,,,,,,,,,,,,0.00,511,509,0.00,0.0
Clark Phillips III,2569546,DB,ATL,@TB,,,,,,,,,,,,,,,,,,0.00,512,510,0.00,0.0
Joshua Pickett,2574096,DB,FA,Bye,,,,,,,,,,,,,,,,,,,513,511,0.00,
James Pierre,2565003,DB,PIT,MIA,,,,,,,,,,,,,,,,,,0.00,514,512,0.00,0.0
Jordan Polk,2574380,DB,FA,Bye,,,,,,,,,,,,,,,,,,,515,513,0.00,
Daryl Porter,2573968,DB,BUF,@NE,,,,,,,,,,,,,,,,,,0.00,516,514,0.00,0.0
Mishael Powell,2574356,DB,FA,Bye,,,,,,,,,,,,,,,,,,,517,515,0.00,
Bobby Price,2563953,DB,FA,Bye,,,,,,,,,,,,,,,,,,,518,516,0.00,
Jayden Price,2572884,DB,NO,CAR,,,,,,,,,,,,,,,,,,0.00,519,517,0.00,0.0
Troy Pride,2563662,DB,IND,@SEA,,,,,,,,,,,,,,,,,,0.00,520,518,0.00,0.0
Deantre Prince,2572153,DB,FA,Bye,,,,,,,,,,,,,,,,,,,521,519,0.00,
Nehemiah Pritchett,2572534,DB,SEA,IND,0.88,0.26,,,,,,,,,,,,0.1,,,,1.73,207,520,0.00,-1.73
Myles Purchase,2574525,DB,NYG,WAS,,,,,,,,,,,,,,,,,,0.00,522,521,0.00,0.0
Ennis Rakestraw Jr.,2572018,DB,DET,@LAR,,,,,,,,,,,,,,,,,,0.00,523,522,0.00,0.0
Caleb Ransaw,2574229,DB,JAX,NYJ,,,,,,,,,,,,,,,,,,0.00,524,523,0.00,0.0
Taylor Rapp,2562707,DB,BUF,@NE,,,,,,,,,,,,,,,,,,0.00,525,524,0.00,0.0
Jaylen Reed,2574178,DB,HOU,ARI,,,,,,,,,,,,,,,,,,0.00,526,525,0.00,0.0
Jerrick Reed II,2570332,DB,TEN,@SF,,,,,,,,,,,,,,,,,,0.00,527,526,0.00,0.0
Nikko Reed,2574527,DB,LAC,@KC,,,,,,,,,,,,,,,,,,0.00,528,527,0.00,0.0
Justin Reid,2560851,DB,NO,CAR,,,,,,,,,,,,,,,,,,0.00,529,528,0.00,0.0
Michael Reid,2573998,DB,FA,Bye,,,,,,,,,,,,,,,,,,,530,529,0.00,
Demani Richardson,2572947,DB,CAR,@NO,,,,,,,,,,,,,,,,,,0.00,532,530,0.00,0.0
Eli Ricks,2570641,DB,FA,Bye,,,,,,,,,,,,,,,,,,,533,531,0.00,
JJ Roberts,2574597,DB,TB,ATL,,,,,,,,,,,,,,,,,,0.00,534,532,0.00,0.0
Ethan Robinson,2574331,DB,MIA,@PIT,,,,,,,,,,,,,,,,,,0.00,535,533,0.00,0.0
Jaden Robinson,2574098,DB,DEN,GB,,,,,,,,,,,,,,,,,,0.00,536,534,0.00,0.0
Jakob Robinson,2574545,DB,SF,TEN,,,,,,,,,,,,,,,,,,0.00,537,535,0.00,0.0
Jammie Robinson,2569609,DB,ATL,@TB,,,,,,,,,,,,,,,,,,0.00,538,536,0.00,0.0
Lance Robinson,2573016,DB,FA,Bye,,,,,,,,,,,,,,,,,,,539,537,0.00,
Marquise Robinson,2573949,DB,BAL,@CIN,,,,,,,,,,,,,,,,,,0.00,540,538,0.00,0.0
Micah Robinson,2574136,DB,TEN,@SF,,,,,,,,,,,,,,,,,,0.00,541,539,0.00,0.0
Eric Rogers,2574528,DB,LAC,@KC,,,,,,,,,,,,,,,,,,0.00,543,540,0.00,0.0
Christian Roland-Wallace,2572844,DB,KC,LAC,,,,,,,,,,,,,,,,,,0.00,544,541,0.00,0.0
D'Angelo Ross,2563057,DB,CLE,@CHI,0.1,0.2,,,0.05,,,,,,,,,0.25,,,,1.07,221,542,0.00,-1.07
Davion Ross,2574161,DB,FA,Bye,,,,,,,,,,,,,,,,,,,545,543,0.00,
Darius Rush,2569867,DB,WAS,@NYG,,,,,,,,,,,,,,,,,,0.00,546,544,0.00,0.0
Tyson Russell,2574636,DB,FA,Bye,,,,,,,,,,,,,,,,,,,547,545,0.00,
Andre' Sam,2572744,DB,PHI,LV,,,,,,,,,,,,,,,,,,0.00,548,546,0.00,0.0
Shilo Sanders,2574598,DB,FA,Bye,,,,,,,,,,,,,,,,,,,549,547,0.00,
Benny Sapp III,2570503,DB,FA,Bye,,,,,,,,,,,,,,,,,,,550,548,0.00,
John Saunders Jr.,2574332,DB,NE,BUF,,,,,,,,,,,,,,,,,,0.00,551,549,0.00,0.0
Darnell Savage,2562724,DB,BUF,@NE,,,,,,,,,,,,,,,,,,0.00,552,550,0.00,0.0
Daniel Scott,2569852,DB,IND,@SEA,,,,,,,,,,,,,,,,,,0.00,553,551,0.00,0.0
Eric Scott Jr.,2569693,DB,KC,LAC,,,,,,,,,,,,,,,,,,0.00,554,552,0.00,0.0
Kevon Seymour,2555549,DB,WAS,@NYG,,,,,,,,,,,,,,,,,,0.00,555,553,0.00,0.0
Kendall Sheffield,2562730,DB,MIA,@PIT,,,,,,,,,,,,,,,,,,0.00,556,554,0.00,0.0
Duke Shelley,2562957,DB,FA,Bye,,,,,,,,,,,,,,,,,,,557,555,0.00,
Nehemiah Shelton,2571786,DB,FA,Bye,,,,,,,,,,,,,,,,,,,558,556,0.00,
Marques Sigle,2574547,DB,SF,TEN,1.13,0.4,,0.03,,,,,,,,,,0.07,,,,2.16,193,557,0.00,-2.16
Cam'Ron Silmon-Craig,2574231,DB,JAX,NYJ,,,,,,,,,,,,,,,,,,0.00,559,558,0.00,0.0
Justin Simmons,2555550,DB,FA,Bye,,,,,,,,,,,,,,,,,,,560,559,0.00,
Jaylin Simpson,2572132,DB,GB,@DEN,,,,,,,,,,,,,,,,,,0.00,561,560,0.00,0.0
JL Skinner,2569714,DB,DEN,GB,,,,,,,,,,,,,,,,,,0.00,562,561,0.00,0.0
Doneiko Slaughter,2574233,DB,FA,Bye,,,,,,,,,,,,,,,,,,,563,562,0.00,
Darius Slay,2540288,DB,FA,Bye,,,,,,,,,,,,,,,,,,,564,563,0.00,
Cam Smith,2570071,DB,FA,Bye,,,,,,,,,,,,,,,,,,,565,564,0.00,
Chris Smith II,2570056,DB,NYJ,@JAX,0.3,0.2,,,,,,,,,,,,0.2,,,,1.07,222,565,0.00,-1.07
Jaylin Smith,2574179,DB,HOU,ARI,,,,,,,,,,,,,,,,,,0.00,566,566,0.00,0.0
Keidron Smith,2571120,DB,NYJ,@JAX,,,,,,,,,,,,,,,,,,0.00,567,567,0.00,0.0
Melvin Smith Jr.,2574257,DB,KC,LAC,,,,,,,,,,,,,,,,,,0.00,568,568,0.00,0.0
Mike Smith Jr.,2574082,DB,FA,Bye,,,,,,,,,,,,,,,,,,,569,569,0.00,
Terell Smith,2569636,DB,CHI,CLE,,,,,,,,,,,,,,,,,,0.00,570,570,0.00,0.0
Tykee Smith,2572555,DB,TB,ATL,,,,,,,,,,,,,,,,,,0.00,571,571,0.00,0.0
L'Jarius Sneed,2564304,DB,TEN,@SF,,,,,,,,,,,,,,,,,,0.00,572,572,0.00,0.0
Ameer Speed,2570113,DB,HOU,ARI,,,,,,,,,,,,,,,,,,0.00,573,573,0.00,0.0
M.J. Stewart,2560884,DB,HOU,ARI,,,,,,,,,,,,,,,,,,0.00,575,574,0.00,0.0
Loren Strickland,2573145,DB,DET,@LAR,,,,,,,,,,,,,,,,,,0.00,576,575,0.00,0.0
Dorian Strong,2573974,DB,BUF,@NE,,,,,,,,,,,,,,,,,,0.00,577,576,0.00,0.0
Jonathan Sutherland,2571390,DB,FA,Bye,,,,,,,,,,,,,,,,,,,578,577,0.00,
Tre Swilling,2568849,DB,FA,Bye,,,,,,,,,,,,,,,,,,,579,578,0.00,
Keith Taylor,2565911,DB,JAX,NYJ,,,,,,,,,,,,,,,,,,0.00,581,579,0.00,0.0
Reese Taylor,2570722,DB,DEN,GB,,,,,,,,,,,,,,,,,,0.00,582,580,0.00,0.0
Trey Taylor,2572240,DB,FA,Bye,,,,,,,,,,,,,,,,,,,583,581,0.00,
Cam Taylor-Britt,2567454,DB,CIN,BAL,,,,,,,,,,,,,,,,,,0.00,584,582,0.00,0.0
Dadrion Taylor-Demerson,2572432,DB,ARI,@HOU,,,,,,,,,,,,,,,,,,0.00,585,583,0.00,0.0
Ladarius Tennison,2574198,DB,FA,Bye,,,,,,,,,,,,,,,,,,,586,584,0.00,
Ambry Thomas,2566547,DB,FA,Bye,,,,,,,,,,,,,,,,,,,587,585,0.00,
Azareye'h Thomas,2574452,DB,NYJ,@JAX,,,,,,,,,,,,,,,,,,0.00,588,586,0.00,0.0
Juanyeh Thomas,2568720,DB,DAL,MIN,,,,,,,,,,,,,,,,,,0.00,589,587,0.00,0.0
Starling Thomas V,2570963,DB,ARI,@HOU,,,,,,,,,,,,,,,,,,0.00,590,588,0.00,0.0
Trevian Thomas,2574001,DB,JAX,NYJ,,,,,,,,,,,,,,,,,,0.00,591,589,0.00,0.0
Stantley Thomas-Oliver,2563689,DB,FA,Bye,,,,,,,,,,,,,,,,,,,592,590,0.00,
Jalen Thompson,2563339,DB,ARI,@HOU,,,,,,,,,,,,,,,,,,0.00,593,591,0.00,0.0
Josh Thompson,2567775,DB,FA,Bye,,,,,,,,,,,,,,,,,,,594,592,0.00,
Juan Thornhill,2562761,DB,JAX,NYJ,,,,,,,,,,,,,,,,,,0.00,595,593,0.00,0.0
Corey Thornton,2574002,DB,CAR,@NO,,,,,,,,,,,,,,,,,,0.00,596,594,0.00,0.0
Tre Tomlinson,2569978,DB,SF,TEN,,,,,,,,,,,,,,,,,,0.00,597,595,0.00,0.0
Cory Trice Jr.,2570254,DB,PIT,MIA,,,,,,,,,,,,,,,,,,0.00,598,596,0.00,0.0
Delarrin Turner-Yell,2567532,DB,DEN,GB,,,,,,,,,,,,,,,,,,0.00,599,597,0.00,0.0
Nate Valcarcel,2574281,DB,FA,Bye,,,,,,,,,,,,,,,,,,,600,598,0.00,
Greedy Vance,2574313,DB,LV,@PHI,,,,,,,,,,,,,,,,,,0.00,601,599,0.00,0.0
Zemaiah Vaughn,2574359,DB,MIN,@DAL,,,,,,,,,,,,,,,,,,0.00,602,600,0.00,0.0
Malik Verdon,2573919,DB,ATL,@TB,,,,,,,,,,,,,,,,,,0.00,603,601,0.00,0.0
Mikey Victor,2573352,DB,FA,Bye,,,,,,,,,,,,,,,,,,,604,602,0.00,
Car'lin Vigers,2574617,DB,WAS,@NYG,,,,,,,,,,,,,,,,,,0.00,605,603,0.00,0.0
Shaun Wade,2565854,DB,FA,Bye,,,,,,,,,,,,,,,,,,,606,604,0.00,
Jeremiah Walker,2574022,DB,FA,Bye,,,,,,,,,,,,,,,,,,,607,605,0.00,
K'Von Wallace,2564871,DB,HOU,ARI,,,,,,,,,,,,,,,,,,0.00,609,606,0.00,0.0
Levi Wallace,2560914,DB,FA,Bye,,,,,,,,,,,,,,,,,,,610,607,0.00,
Justin Walley,2574203,DB,IND,@SEA,,,,,,,,,,,,,,,,,,0.00,611,608,0.00,0.0
Charvarius Ward,2561417,DB,IND,@SEA,,,,,,,,,,,,,,,,,,0.00,612,609,0.00,0.0
Denzel Ward,2560916,DB,CLE,@CHI,,,,,,,,,,,,,,,,,,0.00,613,610,0.00,0.0
Jay Ward,2570089,DB,MIN,@DAL,0.35,0.24,,,0.12,,,,,,,,,0.29,,,,1.81,205,611,0.00,-1.81
Jimmie Ward,2543741,DB,HOU,ARI,,,,,,,,,,,,,,,,,,0.00,614,612,0.00,0.0
Trey Washington,2574205,DB,IND,@SEA,,,,,,,,,,,,,,,,,,0.00,615,613,0.00,0.0
Isas Waxter,2574577,DB,LAC,@KC,,,,,,,,,,,,,,,,,,0.00,616,614,0.00,0.0
Aydan White,2574236,DB,FA,Bye,,,,,,,,,,,,,,,,,,,618,615,0.00,
Nick Whiteside,2571635,DB,DET,@LAR,,,,,,,,,,,,,,,,,,0.00,619,616,0.00,0.0
Damarion Williams,2567316,DB,TB,ATL,,,,,,,,,,,,,,,,,,0.00,620,617,0.00,0.0
Darious Williams,2561469,DB,LAR,DET,2.58,0.66,,0.09,0.09,,,0.04,,,,,,0.52,,1.92,,6.24,103,618,0.00,-6.24
Dee Williams,2572789,DB,CLE,@CHI,,,,,,,,,,,,,,,,,,0.00,621,619,0.00,0.0
Joshua Williams,2567814,DB,KC,LAC,0.35,0.24,,,,,,,,,,,,,,,,0.67,237,620,0.00,-0.67
Major Williams,2574259,DB,FA,Bye,,,,,,,,,,,,,,,,,,,622,621,0.00,
Divaad Wilson,2571032,DB,FA,Bye,,,,,,,,,,,,,,,,,,,624,622,0.00,
Marco Wilson,2566439,DB,CIN,BAL,,,,,,,,,,,,,,,,,,0.00,625,623,0.00,0.0
Rashad Wisdom,2573593,DB,TB,ATL,,,,,,,,,,,,,,,,,,0.00,626,624,0.00,0.0
Ahkello Witherspoon,2558157,DB,LAR,DET,,,,,,,,,,,,,,,,,,0.00,627,625,0.00,0.0
Samuel Womack,2568219,DB,NYJ,@JAX,,,,,,,,,,,,,,,,,,0.00,628,626,0.00,0.0
A.J. Woods,2573617,DB,ATL,@TB,,,,,,,,,,,,,,,,,,0.00,629,627,0.00,0.0
JT Woods,2568195,DB,FA,Bye,,,,,,,,,,,,,,,,,,,631,628,0.00,
Xavier Woods,2558159,DB,TEN,@SF,2.74,1.68,,0.16,0.11,,0.05,,,,,,,0.32,,2.1,,6.66,94,629,0.00,-6.66
Riq Woolen,2568288,DB,SEA,IND,2.04,0.86,,0.06,0.19,,0.06,0.06,,,,,,0.93,,2.96,,7.05,76,630,0.00,-7.05
Daryl Worley,2555394,DB,FA,Bye,,,,,,,,,,,,,,,,,,,632,631,0.00,
Rejzohn Wright,2570783,DB,NO,CAR,,,,,,,,,,,,,,,,,,0.00,633,632,0.00,0.0
Russ Yeast,2567865,DB,CIN,BAL,,,,,,,,,,,,,,,,,,0.00,634,633,0.00,0.0
Isaac Yiadom,2560946,DB,NO,CAR,0.59,0.41,,,0.12,,,,,,,,,0.41,,,,2.58,187,634,0.00,-2.58
