PlayerName,PlayerId,Pos,Team,PlayerOpponent,TacklesTot,TacklesAst,TacklesSck,TacklesTfl,TurnoverInt,TurnoverFrcFum,TurnoverFumRec,ScoreIntTd,ScoreFumTd,ScoreBlkTd,ScoreSaf,ScoreDef2ptRet,Blk,PDef,QBHit,ReturnIntYds,ReturnFumYds,Rank,TotalPoints
Jack Campbell,2569741,LB,DET,PIT,7,9,,,,,1,,,,,,,2,,,,1,21.90
Jamien Sherwood,2565762,LB,NYJ,@NO,7,4,1,2,,,,,,,,,,,1,,,2,18.40
Dee Winters,2570296,LB,SF,@IND,1,2,,,1,,,1,,,,,,2,,74,,3,17.67
Carson Schwesinger,2574064,LB,CLE,BUF,5,9,1,1,,,,,,,,,,,2,,,4,17.40
Quay Walker,2567631,LB,GB,@CHI,5,9,,1,,,,,,,,,,1,,,,5,16.90
Bobby Okereke,2562416,LB,NYG,MIN,7,6,,,,,,,,,,,,1,,,,6,16.60
James Williams,2572078,LB,TEN,KC,8,1,1,1,,,,,,,,,,,1,,,7,16.60
Bobby Wagner,2532966,LB,WAS,PHI,5,5,1,2,,,,,,,,,,,1,,,8,16.00
Blake Cashman,2562496,LB,MIN,@NYG,7,9,,,,,,,,,,,,,,,,9,15.90
Brian Burns,2562242,LB,NYG,MIN,2,2,2,2,,1,,,,,,,,,2,,,10,15.70
Jordyn Brooks,2565135,LB,MIA,CIN,5,9,,,,,,,,,,,,1,,,,11,15.40
Lavonte David,2532828,LB,TB,@CAR,6,4,1,1,,,,,,,,,,,1,,,12,15.40
Devin White,2562781,LB,LV,@HOU,7,4,,,,,,,,,,,,1,,,,13,15.40
SirVocea Dennis,2570347,LB,TB,@CAR,6,2,1,1,,,,,,,,,,,2,,,14,14.70
Trenton Simpson,2569564,LB,BAL,NE,6,1,1,2,,,,,,,,,,,,,,15,14.60
Nick Bolton,2566175,LB,KC,@TEN,4,6,1,1,,,,,,,,,,,1,,,16,13.60
Roquan Smith,2560877,LB,BAL,NE,8,2,,,,,,,,,,,,,,,,17,13.20
Drake Thomas,2571105,LB,SEA,LAR,6,7,,,,,,,,,,,,,,,,18,13.20
Barrett Carter,2574025,LB,CIN,@MIA,1,4,,,1,,,,,,,,,2,,16,,19,12.93
Ernest Jones,2566229,LB,SEA,LAR,4,8,,1,,,,,,,,,,,,,,20,12.30
Divine Deablo,2566253,LB,ATL,@ARI,4,2,,,,,,,,,,,,2,,,,21,12.20
T.J. Edwards,2562648,LB,CHI,GB,5,5,0.5,,,,,,,,,,,,1,,,22,12.00
Foye Oluokun,2561132,LB,JAX,@DEN,6,5,,,,,,,,,,,,,,,,23,12.00
Quincy Williams,2562954,LB,NYJ,@NO,6,5,,,,,,,,,,,,,,,,24,12.00
Jack Gibbens,2568810,LB,NE,@BAL,3,7,,1,,,1,,,,,,,,1,,,25,11.70
Tatum Bethune,2572489,LB,SF,@IND,4,5,,,,,,,,,,,,1,,,,26,11.50
Matt Milano,2557969,LB,BUF,@CLE,4,5,,1,,,,,,,,,,,2,,,27,11.50
Alex Singleton,2553739,LB,DEN,JAX,4,9,,,,,,,,,,,,,,,,28,11.40
Drue Tranquill,2562765,LB,KC,@TEN,2,8,,,,1,,,,,,,,,,,,29,11.30
Alex Highsmith,2564982,LB,PIT,@DET,4,2,,2,,,,,,,,,,,2,,,30,11.20
Andrew Van Ginkel,2562768,LB,MIN,@NYG,2,2,1,1,,,,,,,,,,1,2,,,31,11.20
Akeem Davis-Gaither,2563728,LB,ARI,ATL,5,6,,,,,,,,,,,,,,,,32,11.10
Christian Rozeboom,2564394,LB,CAR,TB,3,4,1,1,,,,,,,,,,,1,,,33,10.90
Demario Davis,2533008,LB,NO,NYJ,2,6,,1,,,,,,,,,,1,,,,34,10.60
Claudin Cherelus,2570617,LB,CAR,TB,6,2,,,,,,,,,,,,,,,,35,10.20
Alex Anzalone,2558163,LB,DET,PIT,3,5,,,,,,,,,,,,1,,,,36,10.00
K'Lavon Chaisson,2564166,LB,NE,@BAL,3,,,1,,1,,,,,,,,,1,,,37,10.00
Cody Simon,2574488,LB,ARI,ATL,2,5,,1,,,,,,,,,,1,,,,38,10.00
Devin Bush,2562243,LB,CLE,BUF,5,4,,,,,,,,,,,,,,,,39,9.90
Tyrel Dodson,2562560,LB,MIA,CIN,5,3,,,,,,,,,,,,,1,,,40,9.80
Denzel Perryman,2552310,LB,LAC,@DAL,4,2,,,,,,,,,,,,1,,,,41,9.70
Germaine Pratt,2562702,LB,IND,SF,4,2,,,,,,,,,,,,1,,,,42,9.70
Frankie Luvu,2561366,LB,WAS,PHI,5,3,,,,,,,,,,,,,,,,43,9.30
Zaven Collins,2566421,LB,ARI,ATL,4,,,2,,,,,,,,,,,,,,44,9.00
Nate Landman,2568519,LB,LAR,@SEA,2,3,1,1,,,,,,,,,,,1,,,45,8.80
Devin Lloyd,2567751,LB,JAX,@DEN,3,3,,,,,,,,,,,,1,,,,46,8.80
Jaylen Harrell,2572066,LB,TEN,KC,1,,1,1,,1,,,,,,,,,,,,47,8.50
Travon Walker,2567778,LB,JAX,@DEN,2,,,1,,,,,,,,,,1,3,,,48,8.50
Elandon Roberts,2556119,LB,LV,@HOU,1,7,,,,,,,,,,,,1,,,,49,8.20
Zack Baun,2564664,LB,PHI,@WAS,3,6,,,,,,,,,,,,,,,,50,8.10
Patrick Queen,2563575,LB,PIT,@DET,4,3,,,,,,,,,,,,,,,,51,7.80
Omar Speights,2573743,LB,LAR,@SEA,4,3,,,,,,,,,,,,,,,,52,7.80
Que Robinson,2574099,LB,DEN,JAX,1,2,,1,,,,,,,,,,1,2,,,53,7.70
Jordan Magee,2572573,LB,WAS,PHI,4,,,1,,,,,,,,,,,,,,54,7.50
BJ Ojulari,2570233,LB,ARI,ATL,2,,1,1,,,,,,,,,,,2,,,55,7.50
E.J. Speed,2562955,LB,HOU,LV,2,5,,1,,,,,,,,,,,,,,56,7.50
Eric Wilson,2559012,LB,MIN,@NYG,1,3,1,1,,,,,,,,,,,1,,,57,7.30
Daiyan Henley,2570281,LB,LAC,@DAL,4,2,,,,,,,,,,,,,,,,58,7.20
Jihaad Campbell,2574455,LB,PHI,@WAS,2,4,,1,,,,,,,,,,,,,,59,6.90
Zaire Franklin,2561155,LB,IND,SF,2,2,,,,,,,,,,,,1,,,,60,6.70
Joe Giles-Harris,2562591,LB,CIN,@MIA,2,2,,,,,,,,,,,,1,,,,61,6.70
Shemar James,2574077,LB,DAL,LAC,4,1,,,,,,,,,,,,,,,,62,6.60
Mykal Walker,2563530,LB,NYJ,@NO,2,6,,,,,,,,,,,,,,,,63,6.60
Logan Wilson,2563752,LB,DAL,LAC,4,1,,,,,,,,,,,,,,,,64,6.60
Payton Wilson,2572456,LB,PIT,@DET,4,1,,,,,,,,,,,,,,,,65,6.60
Christian Elliss,2567004,LB,NE,@BAL,3,2,,,,,,,,,,,,,,,,66,5.70
Arnold Ebiketie,2567238,LB,ATL,@ARI,1,,1,1,,,,,,,,,,,1,,,67,5.50
Tremaine Edmunds,2560713,LB,CHI,GB,1,5,,,,,1,,,,,,,,,,,68,5.50
Anfernee Jennings,2564613,LB,NE,@BAL,1,,1,1,,,,,,,,,,,1,,,69,5.50
Isaiah Stalbird,2573400,LB,NO,NYJ,1,,1,1,,,,,,,,,,,1,,,70,5.50
Jared Verse,2572213,LB,LAR,@SEA,1,3,0.5,,,,,,,,,,,,2,,,71,5.30
Derrick Barnes,2566055,LB,DET,PIT,3,1,,,,,,,,,,,,,,,,72,5.10
Mohamoud Diabate,2570849,LB,CLE,BUF,3,1,,,,,,,,,,,,,,,,73,5.10
Samson Ebukam,2558830,LB,IND,SF,3,1,,,,,,,,,,,,,,,,74,5.10
Demetrius Knight Jr.,2574031,LB,CIN,@MIA,3,1,,,,,,,,,,,,,,,,75,5.10
Del'Shawn Phillips,2563179,LB,LAC,@DAL,3,1,,,,,,,,,,,,,,,,76,5.10
Jihad Ward,2555248,LB,TEN,KC,,1,0.5,,,,,,,,,,,1,2,,,77,5.10
Jack Cochrane,2568408,LB,KC,@TEN,2,3,,,,,,,,,,,,,,,,78,4.80
Danny Stutsman,2574408,LB,NO,NYJ,2,3,,,,,,,,,,,,,,,,79,4.80
Byron Young,2570014,LB,LAR,@SEA,2,2,,,,,,,,,,,,,1,,,80,4.70
Cody Barton,2562472,LB,TEN,KC,1,1,,,,,,,,,,,,1,,,,81,4.60
Terrel Bernard,2567325,LB,BUF,@CLE,1,5,,,,,,,,,,,,,,,,82,4.50
Baron Browning,2566025,LB,ARI,ATL,3,,,,,,,,,,,,,,,,,83,4.50
Isaiah McDuffie,2566082,LB,GB,@CHI,1,5,,,,,,,,,,,,,,,,84,4.50
Jonah Elliss,2571991,LB,DEN,JAX,2,2,,,,,,,,,,,,,,,,85,4.20
Chris Braswell,2572540,LB,TB,@CAR,1,1,,1,,,,,,,,,,,,,,86,3.60
Edgerrin Cooper,2572030,LB,GB,@CHI,2,1,,,,,,,,,,,,,,,,87,3.60
Haason Reddick,2557887,LB,TB,@CAR,2,1,,,,,,,,,,,,,,,,88,3.60
Dondrea Tillman,2573875,LB,DEN,JAX,2,1,,,,,,,,,,,,,,,,89,3.60
Josh Woods,2561626,LB,ATL,@ARI,2,1,,,,,,,,,,,,,,,,90,3.60
Jalyx Hunt,2572378,LB,PHI,@WAS,2,,,,,,,,,,,,,,1,,,91,3.50
Bradley Chubb,2561020,LB,MIA,CIN,1,3,,,,,,,,,,,,,,,,92,3.30
Kaden Elliss,2562901,LB,ATL,@ARI,1,3,,,,,,,,,,,,,,,,93,3.30
Chop Robinson,2572252,LB,MIA,CIN,,3,0.5,,,,,,,,,,,,1,,,94,3.30
Jahlani Tavai,2562755,LB,NE,@BAL,1,3,,,,,,,,,,,,,,,,95,3.30
Henry To'oTo'o,2569831,LB,HOU,LV,1,3,,,,,,,,,,,,,,,,96,3.30
Dorian Williams,2569582,LB,BUF,@CLE,1,3,,,,,,,,,,,,,,,,97,3.30
"Kenneth Murray, Jr.",2565063,LB,DAL,LAC,1,2,,,,,,,,,,,,,1,,,98,3.20
Jonathon Cooper,2566028,LB,DEN,JAX,1,1,,,,,,,,,,,,,2,,,99,3.10
Nick Bellore,2495262,LB,WAS,PHI,2,,,,,,,,,,,,,,,,,100,3.00
Tommy Eichenberg,2572225,LB,LV,@HOU,2,,,,,,,,,,,,,,,,,101,3.00
Shaka Heyward,2570831,LB,CIN,@MIA,,5,,,,,,,,,,,,,,,,102,3.00
Troy Dye,2564535,LB,LAC,@DAL,1,2,,,,,,,,,,,,,,,,103,2.70
Dre Greenlaw,2562428,LB,DEN,JAX,1,2,,,,,,,,,,,,,,,,104,2.70
Derick Hall,2570329,LB,SEA,LAR,1,2,,,,,,,,,,,,,,,,105,2.70
Jordan Turner,2574101,LB,DEN,JAX,1,2,,,,,,,,,,,,,,,,106,2.70
D.J. Wonnum,2564583,LB,CAR,TB,1,2,,,,,,,,,,,,,,,,107,2.70
Odafe Oweh,2565848,LB,LAC,@DAL,1,1,,,,,,,,,,,,,1,,,108,2.60
Yaya Diaby,2570344,LB,TB,@CAR,1,,,,,,,,,,,,,,2,,,109,2.50
Kyle Van Noy,2543699,LB,BAL,NE,,,,,,,,,,,,,,1,,,,110,2.50
Cameron Goode,2567892,LB,MIA,CIN,,4,,,,,,,,,,,,,,,,111,2.40
Yasir Abdullah,2569891,LB,JAX,@DEN,1,1,,,,,,,,,,,,,,,,112,2.10
Jerome Baker,2560966,LB,CLE,BUF,1,1,,,,,,,,,,,,,,,,113,2.10
Nakobe Dean,2568072,LB,PHI,@WAS,1,1,,,,,,,,,,,,,,,,114,2.10
Dante Fowler Jr.,2553431,LB,DAL,LAC,1,1,,,,,,,,,,,,,,,,115,2.10
Khalid Kareem,2563734,LB,ATL,@ARI,1,1,,,,,,,,,,,,,,,,116,2.10
Tyrice Knight,2572525,LB,SEA,LAR,1,1,,,,,,,,,,,,,,,,117,2.10
Connor O'Toole,2574571,LB,SEA,LAR,1,1,,,,,,,,,,,,,,,,118,2.10
DeMarvion Overshown,2569705,LB,DAL,LAC,1,1,,,,,,,,,,,,,,,,119,2.10
Sione Takitaki,2562753,LB,MIN,@NYG,1,1,,,,,,,,,,,,,,,,120,2.10
Shaq Thompson,2552447,LB,BUF,@CLE,1,1,,,,,,,,,,,,,,,,121,2.10
Pete Werner,2566358,LB,NO,NYJ,1,1,,,,,,,,,,,,,,,,122,2.10
Josh Hines-Allen,2562619,LB,JAX,@DEN,1,,,,,,,,,,,,,,1,,,123,2.00
Carson Bruener,2574490,LB,PIT,@DET,,3,,,,,,,,,,,,,,,,124,1.80
Darius Muasau,2572339,LB,NYG,MIN,,3,,,,,,,,,,,,,,,,125,1.80
Quinton Bell,2562908,LB,MIA,CIN,,2,,,,,,,,,,,,,1,,,126,1.70
Nik Bonitto,2567517,LB,DEN,JAX,,2,,,,,,,,,,,,,1,,,127,1.70
Krys Barnes,2563971,LB,CAR,TB,1,,,,,,,,,,,,,,,,,128,1.50
Tyler Batty,2574338,LB,MIN,@NYG,1,,,,,,,,,,,,,,,,,129,1.50
Damone Clark,2567493,LB,HOU,LV,1,,,,,,,,,,,,,,,,,130,1.50
Dennis Gardeck,2561200,LB,JAX,@DEN,1,,,,,,,,,,,,,,,,,131,1.50
Jamal Hill,2572096,LB,HOU,LV,1,,,,,,,,,,,,,,,,,132,1.50
Jacob Hummel,2569390,LB,BAL,NE,1,,,,,,,,,,,,,,,,,133,1.50
Kobe King,2574352,LB,NYJ,@NO,1,,,,,,,,,,,,,,,,,134,1.50
Dorian Mausi,2574354,LB,TEN,KC,1,,,,,,,,,,,,,,,,,135,1.50
Ventrell Miller,2569906,LB,JAX,@DEN,1,,,,,,,,,,,,,,,,,136,1.50
Von Miller,2495202,LB,WAS,PHI,1,,,,,,,,,,,,,,,,,137,1.50
David Ojabo,2567301,LB,BAL,NE,1,,,,,,,,,,,,,,,,,138,1.50
Segun Olubi,2569263,LB,IND,SF,1,,,,,,,,,,,,,,,,,139,1.50
Owen Pappoe,2570227,LB,ARI,ATL,1,,,,,,,,,,,,,,,,,140,1.50
Jaelan Phillips,2566289,LB,PHI,@WAS,1,,,,,,,,,,,,,,,,,141,1.50
Noah Sewell,2569633,LB,CHI,GB,1,,,,,,,,,,,,,,,,,142,1.50
Josaiah Stewart,2574278,LB,LAR,@SEA,1,,,,,,,,,,,,,,,,,143,1.50
Austin Ajiake,2571766,LB,IND,SF,,2,,,,,,,,,,,,,,,,144,1.20
Oren Burks,2560984,LB,CIN,@MIA,,2,,,,,,,,,,,,,,,,145,1.20
Jaylan Ford,2572315,LB,NO,NYJ,,2,,,,,,,,,,,,,,,,146,1.20
Luke Gifford,2562942,LB,SF,@IND,,2,,,,,,,,,,,,,,,,147,1.20
Eric Kendricks,2552312,LB,SF,@IND,,2,,,,,,,,,,,,,,,,148,1.20
Khalil Mack,2543463,LB,LAC,@DAL,,2,,,,,,,,,,,,,,,,149,1.20
Ivan Pace Jr.,2571210,LB,MIN,@NYG,,2,,,,,,,,,,,,,,,,150,1.20
Jeremiah Trotter Jr.,2572396,LB,PHI,@WAS,,2,,,,,,,,,,,,,,,,151,1.20
Uchenna Nwosu,2560826,LB,SEA,LAR,,1,,,,,,,,,,,,,1,,,152,1.10
Kain Medrano,2574616,LB,WAS,PHI,,,,,,,1,,,,,,,,,,,153,1.00
Tavius Robinson,2569567,LB,BAL,NE,,,,,,,,,,,,,,,2,,,154,1.00
Zaire Barnes,2570185,LB,NYG,MIN,,1,,,,,,,,,,,,,,,,155,0.60
Jeffrey Bassa,2574239,LB,KC,@TEN,,1,,,,,,,,,,,,,,,,156,0.60
K.J. Britt,2566559,LB,MIA,CIN,,1,,,,,,,,,,,,,,,,157,0.60
John Bullock,2574582,LB,FA,Bye,,1,,,,,,,,,,,,,,,,158,0.60
Chaz Chambliss,2574342,LB,MIN,@NYG,,1,,,,,,,,,,,,,,,,159,0.60
Branson Combs,2574211,LB,JAX,@DEN,,1,,,,,,,,,,,,,,,,160,0.60
Jake Hansen,2568870,LB,HOU,LV,,1,,,,,,,,,,,,,,,,161,0.60
Christian Harris,2567679,LB,HOU,LV,,1,,,,,,,,,,,,,,,,162,0.60
Cole Holcomb,2562872,LB,PIT,@DET,,1,,,,,,,,,,,,,,,,163,0.60
Marist Liufau,2571979,LB,DAL,LAC,,1,,,,,,,,,,,,,,,,164,0.60
Jeremiah Moon,2567292,LB,PIT,@DET,,1,,,,,,,,,,,,,,,,165,0.60
Maema Njongmeta,2573013,LB,CAR,TB,,1,,,,,,,,,,,,,,,,166,0.60
Trevor Nowaske,2570978,LB,DET,PIT,,1,,,,,,,,,,,,,,,,167,0.60
Grant Stuard,2566568,LB,DET,PIT,,1,,,,,,,,,,,,,,,,168,0.60
Josh Sweat,2560889,LB,ARI,ATL,,1,,,,,,,,,,,,,,,,169,0.60
Dallas Turner,2572282,LB,MIN,@NYG,,1,,,,,,,,,,,,,,,,170,0.60
Princely Umanmielen,2574003,LB,CAR,TB,,1,,,,,,,,,,,,,,,,171,0.60
Nolan Smith,2570212,LB,PHI,@WAS,,,,,,,,,,,,,,,1,,,172,0.50
Mitchell Agude,2571111,LB,FA,Bye,,,,,,,,,,,,,,,,,,173,0.00
Azeez Al-Shaair,2562462,LB,HOU,LV,,,,,,,,,,,,,,,,,,174,0.00
Troy Andersen,2567235,LB,ATL,@ARI,,,,,,,,,,,,,,,,,,175,0.00
Liam Anderson,2570521,LB,CIN,@MIA,,,,,,,,,,,,,,,,,,176,0.00
Joe Andreessen,2573632,LB,BUF,@CLE,,,,,,,,,,,,,,,,,,177,0.00
Kam Arnold,2574604,LB,KC,@TEN,,,,,,,,,,,,,,,,,,178,0.00
Brian Asamoah II,2567901,LB,CIN,@MIA,,,,,,,,,,,,,,,,,,179,0.00
Eugene Asante,2574317,LB,ATL,@ARI,,,,,,,,,,,,,,,,,,180,0.00
Joe Bachie,2564661,LB,TEN,KC,,,,,,,,,,,,,,,,,,181,0.00
Levelle Bailey,2573079,LB,DEN,JAX,,,,,,,,,,,,,,,,,,182,0.00
Amare Barno,2567346,LB,FA,Bye,,,,,,,,,,,,,,,,,,183,0.00
Michael Barrett,2571880,LB,FA,Bye,,,,,,,,,,,,,,,,,,184,0.00
Justin Barron,2574067,LB,DAL,LAC,,,,,,,,,,,,,,,,,,185,0.00
Jared Bartlett,2574432,LB,ARI,ATL,,,,,,,,,,,,,,,,,,186,0.00
Carlos Basham,2565863,LB,LV,@HOU,,,,,,,,,,,,,,,,,,187,0.00
Abraham Beauplan,2571180,LB,FA,Bye,,,,,,,,,,,,,,,,,,188,0.00
JD Bertrand,2571799,LB,ATL,@ARI,,,,,,,,,,,,,,,,,,189,0.00
Stone Blanton,2574536,LB,FA,Bye,,,,,,,,,,,,,,,,,,190,0.00
Chris Board,2561301,LB,NYG,MIN,,,,,,,,,,,,,,,,,,191,0.00
Swayze Bozeman,2572811,LB,NYG,MIN,,,,,,,,,,,,,,,,,,192,0.00
Elliott Brown,2574475,LB,ARI,ATL,,,,,,,,,,,,,,,,,,193,0.00
J.B. Brown,2574085,LB,FA,Bye,,,,,,,,,,,,,,,,,,194,0.00
Teddye Buchanan,2573925,LB,BAL,NE,,,,,,,,,,,,,,,,,,195,0.00
Jordan Burch,2574476,LB,ARI,ATL,,,,,,,,,,,,,,,,,,196,0.00
Amari Burney,2570041,LB,FA,Bye,,,,,,,,,,,,,,,,,,197,0.00
Chance Campbell,2567646,LB,PHI,@WAS,,,,,,,,,,,,,,,,,,198,0.00
Jaylon Carlies,2572114,LB,IND,SF,,,,,,,,,,,,,,,,,,199,0.00
Andre Carter II,2571207,LB,MIA,CIN,,,,,,,,,,,,,,,,,,200,0.00
Lorenzo Carter,2561015,LB,FA,Bye,,,,,,,,,,,,,,,,,,201,0.00
Jake Chaney,2574664,LB,FA,Bye,,,,,,,,,,,,,,,,,,202,0.00
Leo Chenal,2567784,LB,KC,@TEN,,,,,,,,,,,,,,,,,,203,0.00
Cole Christiansen,2565021,LB,KC,@TEN,,,,,,,,,,,,,,,,,,204,0.00
Jimmy Ciarlo,2572684,LB,MIA,CIN,,,,,,,,,,,,,,,,,,205,0.00
Jadeveon Clowney,2543456,LB,DAL,LAC,,,,,,,,,,,,,,,,,,206,0.00
K.J. Cloyd,2573283,LB,FA,Bye,,,,,,,,,,,,,,,,,,207,0.00
Seth Coleman,2574557,LB,FA,Bye,,,,,,,,,,,,,,,,,,208,0.00
Junior Colson,2572465,LB,LAC,@DAL,,,,,,,,,,,,,,,,,,209,0.00
Zach Cunningham,2558094,LB,DET,PIT,,,,,,,,,,,,,,,,,,210,0.00
Jamin Davis,2566595,LB,LV,@HOU,,,,,,,,,,,,,,,,,,211,0.00
Solomon DeShields,2574185,LB,FA,Bye,,,,,,,,,,,,,,,,,,212,0.00
Victor Dimukeje,2566424,LB,NYG,MIN,,,,,,,,,,,,,,,,,,213,0.00
De'Shaan Dixon,2567736,LB,FA,Bye,,,,,,,,,,,,,,,,,,214,0.00
Lance Dixon,2574457,LB,FA,Bye,,,,,,,,,,,,,,,,,,215,0.00
Shaun Dolac,2574264,LB,LAR,@SEA,,,,,,,,,,,,,,,,,,216,0.00
Bud Dupree,2552289,LB,LAC,@DAL,,,,,,,,,,,,,,,,,,217,0.00
Power Echols,2574007,LB,HOU,LV,,,,,,,,,,,,,,,,,,218,0.00
Milo Eifler,2565729,LB,FA,Bye,,,,,,,,,,,,,,,,,,219,0.00
Andrew Farmer,2571545,LB,SF,@IND,,,,,,,,,,,,,,,,,,220,0.00
Tony Fields II,2565971,LB,FA,Bye,,,,,,,,,,,,,,,,,,221,0.00
Demetrius Flannigan-Fowles,2563090,LB,NYG,MIN,,,,,,,,,,,,,,,,,,222,0.00
Tomon Fox,2569137,LB,NYG,MIN,,,,,,,,,,,,,,,,,,223,0.00
Jalan Gaines,2574560,LB,FA,Bye,,,,,,,,,,,,,,,,,,224,0.00
Dallas Gant,2573289,LB,FA,Bye,,,,,,,,,,,,,,,,,,225,0.00
Willie Gay Jr.,2564280,LB,MIA,CIN,,,,,,,,,,,,,,,,,,226,0.00
David Gbenda,2574149,LB,FA,Bye,,,,,,,,,,,,,,,,,,227,0.00
Brandon George,2574245,LB,KC,@TEN,,,,,,,,,,,,,,,,,,228,0.00
DaRon Gilbert,2573127,LB,FA,Bye,,,,,,,,,,,,,,,,,,229,0.00
Cam Gill,2565216,LB,FA,Bye,,,,,,,,,,,,,,,,,,230,0.00
Trevis Gipson,2563695,LB,CAR,TB,,,,,,,,,,,,,,,,,,231,0.00
Jalen Graham,2570311,LB,SF,@IND,,,,,,,,,,,,,,,,,,232,0.00
Cedric Gray,2572063,LB,TEN,KC,,,,,,,,,,,,,,,,,,233,0.00
Jonathan Greenard,2564070,LB,MIN,@NYG,,,,,,,,,,,,,,,,,,234,0.00
Antonio Grier Jr.,2573566,LB,FA,Bye,,,,,,,,,,,,,,,,,,235,0.00
Kylan Guidry,2574513,LB,FA,Bye,,,,,,,,,,,,,,,,,,236,0.00
Malik Hamm,2570392,LB,BAL,NE,,,,,,,,,,,,,,,,,,237,0.00
Nick Hampton,2570008,LB,LAR,@SEA,,,,,,,,,,,,,,,,,,238,0.00
Matt Harmon,2574347,LB,FA,Bye,,,,,,,,,,,,,,,,,,239,0.00
Devin Harper,2567499,LB,FA,Bye,,,,,,,,,,,,,,,,,,240,0.00
Darius Harris,2563108,LB,NE,@BAL,,,,,,,,,,,,,,,,,,241,0.00
Malik Harrison,2563554,LB,PIT,@DET,,,,,,,,,,,,,,,,,,242,0.00
Nick Herbig,2570248,LB,PIT,@DET,,,,,,,,,,,,,,,,,,243,0.00
Neville Hewitt,2553657,LB,NYG,MIN,,,,,,,,,,,,,,,,,,244,0.00
Jordan Hicks,2552315,LB,FA,Bye,,,,,,,,,,,,,,,,,,245,0.00
Jay Higgins,2573930,LB,BAL,NE,,,,,,,,,,,,,,,,,,246,0.00
Michael Hoecht,2564346,LB,BUF,@CLE,,,,,,,,,,,,,,,,,,247,0.00
Justin Hollins,2562285,LB,FA,Bye,,,,,,,,,,,,,,,,,,248,0.00
Ty'Ron Hopper,2572036,LB,GB,@CHI,,,,,,,,,,,,,,,,,,249,0.00
Khaleke Hudson,2565279,LB,FA,Bye,,,,,,,,,,,,,,,,,,250,0.00
Ruben Hyppolite II,2574011,LB,CHI,GB,,,,,,,,,,,,,,,,,,251,0.00
Thomas Incoom,2570921,LB,CAR,TB,,,,,,,,,,,,,,,,,,252,0.00
Adisa Isaac,2571826,LB,BAL,NE,,,,,,,,,,,,,,,,,,253,0.00
Jared Ivey,2574562,LB,SEA,LAR,,,,,,,,,,,,,,,,,,254,0.00
Brennan Jackson,2572198,LB,LV,@HOU,,,,,,,,,,,,,,,,,,255,0.00
D'Eryk Jackson,2574563,LB,FA,Bye,,,,,,,,,,,,,,,,,,256,0.00
D'Marco Jackson,2567967,LB,CHI,GB,,,,,,,,,,,,,,,,,,257,0.00
Dequan Jackson,2571041,LB,FA,Bye,,,,,,,,,,,,,,,,,,258,0.00
Nick Jackson,2574588,LB,TB,@CAR,,,,,,,,,,,,,,,,,,259,0.00
Curtis Jacobs,2572826,LB,FA,Bye,,,,,,,,,,,,,,,,,,260,0.00
Keonta Jenkins,2573964,LB,BUF,@CLE,,,,,,,,,,,,,,,,,,261,0.00
Josey Jewell,2560763,LB,FA,Bye,,,,,,,,,,,,,,,,,,262,0.00
Buddy Johnson,2566454,LB,IND,SF,,,,,,,,,,,,,,,,,,263,0.00
Caleb Johnson,2566743,LB,MIA,CIN,,,,,,,,,,,,,,,,,,264,0.00
DJ Johnson,2569603,LB,WAS,PHI,,,,,,,,,,,,,,,,,,265,0.00
Dyontae Johnson,2570581,LB,FA,Bye,,,,,,,,,,,,,,,,,,266,0.00
Jamon Johnson,2574133,LB,GB,@CHI,,,,,,,,,,,,,,,,,,267,0.00
Patrick Johnson,2566403,LB,PHI,@WAS,,,,,,,,,,,,,,,,,,268,0.00
Cam Jones,2570728,LB,NYJ,@NO,,,,,,,,,,,,,,,,,,269,0.00
Carl Jones,2572959,LB,BAL,NE,,,,,,,,,,,,,,,,,,270,0.00
Deion Jones,2555162,LB,TB,@CAR,,,,,,,,,,,,,,,,,,271,0.00
Matt Jones,2574299,LB,FA,Bye,,,,,,,,,,,,,,,,,,272,0.00
Patrick Jones II,2566307,LB,CAR,TB,,,,,,,,,,,,,,,,,,273,0.00
Vi Jones,2568249,LB,FA,Bye,,,,,,,,,,,,,,,,,,274,0.00
Matthew Judon,2555505,LB,BUF,@CLE,,,,,,,,,,,,,,,,,,275,0.00
Ale Kaho,2574611,LB,WAS,PHI,,,,,,,,,,,,,,,,,,276,0.00
Mohamed Kamara,2572243,LB,TB,@CAR,,,,,,,,,,,,,,,,,,277,0.00
Sam Kamara,2566746,LB,CLE,BUF,,,,,,,,,,,,,,,,,,278,0.00
Austin Keys,2574351,LB,ARI,ATL,,,,,,,,,,,,,,,,,,279,0.00
Jack Kiser,2574220,LB,JAX,@DEN,,,,,,,,,,,,,,,,,,280,0.00
Nick Kubitz,2573912,LB,FA,Bye,,,,,,,,,,,,,,,,,,281,0.00
William Kwenkeu,2569414,LB,BAL,NE,,,,,,,,,,,,,,,,,,282,0.00
Isaiah Land,2570900,LB,DAL,LAC,,,,,,,,,,,,,,,,,,283,0.00
Harold Landry III,2560784,LB,NE,@BAL,,,,,,,,,,,,,,,,,,284,0.00
Cody Lindenberg,2574301,LB,LV,@HOU,,,,,,,,,,,,,,,,,,285,0.00
Blake Lynch,2564562,LB,FA,Bye,,,,,,,,,,,,,,,,,,286,0.00
Boye Mafe,2568258,LB,SEA,LAR,,,,,,,,,,,,,,,,,,287,0.00
DeAngelo Malone,2567253,LB,ATL,@ARI,,,,,,,,,,,,,,,,,,288,0.00
Chandler Martin,2573943,LB,BAL,NE,,,,,,,,,,,,,,,,,,289,0.00
Nick Martin,2574542,LB,SF,@IND,,,,,,,,,,,,,,,,,,290,0.00
Bam Martin-Scott,2573991,LB,CAR,TB,,,,,,,,,,,,,,,,,,291,0.00
Easton Mascarenas-Arnold,2574056,LB,CLE,BUF,,,,,,,,,,,,,,,,,,292,0.00
Ochaun Mathis,2569987,LB,NYJ,@NO,,,,,,,,,,,,,,,,,,293,0.00
Kana'i Mauga,2568741,LB,FA,Bye,,,,,,,,,,,,,,,,,,294,0.00
Francisco Mauigoa,2574441,LB,NYJ,@NO,,,,,,,,,,,,,,,,,,295,0.00
Cooper McDonald,2574250,LB,KC,@TEN,,,,,,,,,,,,,,,,,,296,0.00
Micah McFadden,2568003,LB,NYG,MIN,,,,,,,,,,,,,,,,,,297,0.00
Cameron McGrone,2566337,LB,FA,Bye,,,,,,,,,,,,,,,,,,298,0.00
Jalen McLeod,2574223,LB,JAX,@DEN,,,,,,,,,,,,,,,,,,299,0.00
Smael Mondon Jr.,2574467,LB,PHI,@WAS,,,,,,,,,,,,,,,,,,300,0.00
Marvin Moody,2573900,LB,FA,Bye,,,,,,,,,,,,,,,,,,301,0.00
Xander Mueller,2574667,LB,FA,Bye,,,,,,,,,,,,,,,,,,302,0.00
Jamil Muhammad,2574271,LB,CAR,TB,,,,,,,,,,,,,,,,,,303,0.00
Chad Muma,2567760,LB,NE,@BAL,,,,,,,,,,,,,,,,,,304,0.00
Caleb Murphy,2571476,LB,NYG,MIN,,,,,,,,,,,,,,,,,,305,0.00
Gabriel Murphy,2573313,LB,MIN,@NYG,,,,,,,,,,,,,,,,,,306,0.00
Grayson Murphy,2573274,LB,FA,Bye,,,,,,,,,,,,,,,,,,307,0.00
Mapalo Mwansa,2573994,LB,CAR,TB,,,,,,,,,,,,,,,,,,308,0.00
Durell Nchami,2571794,LB,IND,SF,,,,,,,,,,,,,,,,,,309,0.00
Elias Neal,2573737,LB,LAR,@SEA,,,,,,,,,,,,,,,,,,310,0.00
Anthony Nelson,2562507,LB,TB,@CAR,,,,,,,,,,,,,,,,,,311,0.00
Nick Niemann,2566496,LB,GB,@CHI,,,,,,,,,,,,,,,,,,312,0.00
Tuasivi Nomura,2573995,LB,FA,Bye,,,,,,,,,,,,,,,,,,313,0.00
Patrick O'Connell,2571366,LB,SEA,LAR,,,,,,,,,,,,,,,,,,314,0.00
Amen Ogbongbemiga,2566499,LB,CHI,GB,,,,,,,,,,,,,,,,,,315,0.00
Azeez Ojulari,2566367,LB,PHI,@WAS,,,,,,,,,,,,,,,,,,316,0.00
Ogbo Okoronkwo,2560829,LB,PHI,@WAS,,,,,,,,,,,,,,,,,,317,0.00
Julian Okwara,2563947,LB,CLE,BUF,,,,,,,,,,,,,,,,,,318,0.00
Oluwafemi Oladejo,2574157,LB,TEN,KC,,,,,,,,,,,,,,,,,,319,0.00
Anfernee Orji,2571252,LB,TEN,KC,,,,,,,,,,,,,,,,,,320,0.00
K.C. Ossai,2574177,LB,MIA,CIN,,,,,,,,,,,,,,,,,,321,0.00
Micah Parsons,2566019,LB,GB,@CHI,,,,,,,,,,,,,,,,,,322,0.00
Pooh Paul Jr.,2574274,LB,SEA,LAR,,,,,,,,,,,,,,,,,,323,0.00
Josh Pearcy,2574275,LB,FA,Bye,,,,,,,,,,,,,,,,,,324,0.00
Warren Peeples,2574595,LB,FA,Bye,,,,,,,,,,,,,,,,,,325,0.00
Ronnie Perkins,2566340,LB,FA,Bye,,,,,,,,,,,,,,,,,,326,0.00
Jacob Phillips,2563806,LB,IND,SF,,,,,,,,,,,,,,,,,,327,0.00
Anthony Pittman,2563195,LB,FA,Bye,,,,,,,,,,,,,,,,,,328,0.00
Tyreem Powell,2574403,LB,FA,Bye,,,,,,,,,,,,,,,,,,329,0.00
Antwaun Powell-Ryland,2574472,LB,CIN,@MIA,,,,,,,,,,,,,,,,,,330,0.00
Jose Ramirez,2570359,LB,FA,Bye,,,,,,,,,,,,,,,,,,331,0.00
Garmon Randolph,2574526,LB,LAC,@DAL,,,,,,,,,,,,,,,,,,332,0.00
Troy Reeder,2563313,LB,LAR,@SEA,,,,,,,,,,,,,,,,,,333,0.00
Otis Reese,2571485,LB,NE,@BAL,,,,,,,,,,,,,,,,,,334,0.00
Jalen Reeves-Maybin,2557924,LB,CHI,GB,,,,,,,,,,,,,,,,,,335,0.00
Karene Reid,2574097,LB,DEN,JAX,,,,,,,,,,,,,,,,,,336,0.00
Winston Reid,2573031,LB,CLE,BUF,,,,,,,,,,,,,,,,,,337,0.00
Jon Rhattigan,2567127,LB,LV,@HOU,,,,,,,,,,,,,,,,,,338,0.00
Monty Rice,2566121,LB,FA,Bye,,,,,,,,,,,,,,,,,,339,0.00
Bo Richter,2573322,LB,MIN,@NYG,,,,,,,,,,,,,,,,,,340,0.00
Cam Riley,2574382,LB,TEN,KC,,,,,,,,,,,,,,,,,,341,0.00
Duke Riley,2557967,LB,FA,Bye,,,,,,,,,,,,,,,,,,342,0.00
Curtis Robinson,2566875,LB,SF,@IND,,,,,,,,,,,,,,,,,,343,0.00
Mark Robinson,2568165,LB,FA,Bye,,,,,,,,,,,,,,,,,,344,0.00
Malcolm Rodriguez,2567562,LB,DET,PIT,,,,,,,,,,,,,,,,,,345,0.00
Josh Ross,2567307,LB,MIN,@NYG,,,,,,,,,,,,,,,,,,346,0.00
J.J. Russell,2569308,LB,ARI,ATL,,,,,,,,,,,,,,,,,,347,0.00
Jack Sanborn,2567424,LB,DAL,LAC,,,,,,,,,,,,,,,,,,348,0.00
Drew Sanders,2569711,LB,DEN,JAX,,,,,,,,,,,,,,,,,,349,0.00
Nephi Sewell,2569107,LB,NO,NYJ,,,,,,,,,,,,,,,,,,350,0.00
Jamie Sheriff,2573892,LB,SEA,LAR,,,,,,,,,,,,,,,,,,351,0.00
Isaiah Simmons,2564940,LB,CAR,TB,,,,,,,,,,,,,,,,,,352,0.00
Jackson Sirmon,2572717,LB,NYJ,@NO,,,,,,,,,,,,,,,,,,353,0.00
Aaron Smith,2574449,LB,FA,Bye,,,,,,,,,,,,,,,,,,354,0.00
Elerson G. Smith,2566373,LB,FA,Bye,,,,,,,,,,,,,,,,,,355,0.00
Jaylon Smith,2555310,LB,FA,Bye,,,,,,,,,,,,,,,,,,356,0.00
Tyreke Smith,2568276,LB,KC,@TEN,,,,,,,,,,,,,,,,,,357,0.00
Za'Darius Smith,2552279,LB,FA,Bye,,,,,,,,,,,,,,,,,,358,0.00
Charles Snowden,2566764,LB,LV,@HOU,,,,,,,,,,,,,,,,,,359,0.00
Baylon Spector,2567337,LB,BUF,@CLE,,,,,,,,,,,,,,,,,,360,0.00
Robert Spillane,2561596,LB,NE,@BAL,,,,,,,,,,,,,,,,,,361,0.00
Wesley Steiner,2574310,LB,FA,Bye,,,,,,,,,,,,,,,,,,362,0.00
Justin Strnad,2563914,LB,DEN,JAX,,,,,,,,,,,,,,,,,,363,0.00
Ty Summers,2562748,LB,CHI,GB,,,,,,,,,,,,,,,,,,364,0.00
Chazz Surratt,2566322,LB,SEA,LAR,,,,,,,,,,,,,,,,,,365,0.00
Kayvon Thibodeaux,2568015,LB,NYG,MIN,,,,,,,,,,,,,,,,,,366,0.00
Cameron Thomas,2568129,LB,CLE,BUF,,,,,,,,,,,,,,,,,,367,0.00
Charlie Thomas,2570852,LB,FA,Bye,,,,,,,,,,,,,,,,,,368,0.00
Keir Thomas,2567856,LB,LAR,@SEA,,,,,,,,,,,,,,,,,,369,0.00
Xavier Thomas,2572435,LB,HOU,LV,,,,,,,,,,,,,,,,,,370,0.00
Channing Tindall,2567898,LB,ARI,ATL,,,,,,,,,,,,,,,,,,371,0.00
Maxwell Tooley,2573166,LB,FA,Bye,,,,,,,,,,,,,,,,,,372,0.00
Bralen Trice,2571817,LB,ATL,@ARI,,,,,,,,,,,,,,,,,,373,0.00
Joe Tryon-Shoyinka,2566574,LB,CHI,GB,,,,,,,,,,,,,,,,,,374,0.00
Alphonzo Tuputala,2574661,LB,FA,Bye,,,,,,,,,,,,,,,,,,375,0.00
Ezekiel Turner,2561283,LB,DET,PIT,,,,,,,,,,,,,,,,,,376,0.00
Joshua Uche,2564649,LB,PHI,@WAS,,,,,,,,,,,,,,,,,,377,0.00
Edefuan Ulofoshio,2571874,LB,CLE,BUF,,,,,,,,,,,,,,,,,,378,0.00
Joseph Vaughn,2574665,LB,FA,Bye,,,,,,,,,,,,,,,,,,379,0.00
Luiji Vilain,2569068,LB,FA,Bye,,,,,,,,,,,,,,,,,,380,0.00
Anthony Walker,2558851,LB,TB,@CAR,,,,,,,,,,,,,,,,,,381,0.00
David Walker,2574600,LB,TB,@CAR,,,,,,,,,,,,,,,,,,382,0.00
Jailin Walker,2574314,LB,FA,Bye,,,,,,,,,,,,,,,,,,383,0.00
Trevin Wallace,2571898,LB,CAR,TB,,,,,,,,,,,,,,,,,,384,0.00
Garret Wallow,2566139,LB,SF,@IND,,,,,,,,,,,,,,,,,,385,0.00
Fred Warner,2560917,LB,SF,@IND,,,,,,,,,,,,,,,,,,386,0.00
Nathaniel Watson,2571958,LB,CLE,BUF,,,,,,,,,,,,,,,,,,387,0.00
T.J. Watt,2558064,LB,PIT,@DET,,,,,,,,,,,,,,,,,,388,0.00
Markees Watts,2571599,LB,TB,@CAR,,,,,,,,,,,,,,,,,,389,0.00
Marlowe Wax,2574534,LB,LAC,@DAL,,,,,,,,,,,,,,,,,,390,0.00
J.J. Weaver,2574643,LB,FA,Bye,,,,,,,,,,,,,,,,,,391,0.00
Rashad Weaver,2566124,LB,FA,Bye,,,,,,,,,,,,,,,,,,392,0.00
Kristian Welch,2565348,LB,GB,@CHI,,,,,,,,,,,,,,,,,,393,0.00
Julius Welschof,2572453,LB,PIT,@DET,,,,,,,,,,,,,,,,,,394,0.00
Ja'Markis Weston,2574453,LB,SEA,LAR,,,,,,,,,,,,,,,,,,395,0.00
DaShaun White,2571792,LB,FA,Bye,,,,,,,,,,,,,,,,,,396,0.00
Kyzir White,2560928,LB,SF,@IND,,,,,,,,,,,,,,,,,,397,0.00
Benton Whitley,2569405,LB,TB,@CAR,,,,,,,,,,,,,,,,,,398,0.00
Mack Wilson,2562605,LB,ARI,ATL,,,,,,,,,,,,,,,,,,399,0.00
Jacoby Windmon,2573521,LB,CAR,TB,,,,,,,,,,,,,,,,,,400,0.00
Hunter Wohler,2574206,LB,IND,SF,,,,,,,,,,,,,,,,,,401,0.00
Julius Wood,2573070,LB,DAL,LAC,,,,,,,,,,,,,,,,,,402,0.00
Jackson Woodard,2574181,LB,MIA,CIN,,,,,,,,,,,,,,,,,,403,0.00
Chandler Wooten,2569194,LB,FA,Bye,,,,,,,,,,,,,,,,,,404,0.00
Craig Young,2573187,LB,FA,Bye,,,,,,,,,,,,,,,,,,405,0.00
Marte Mapu,2570104,LB,NE,@BAL,,,,,,,,,,,,,,,,,,406,-2.00
